Referencia;Descripción;Bodega;Nombre Bodega;Saldo Anterior (Un);Entradas (Un);Salidas (Un);Saldo Actual (Un);Saldo Anterior ($);Entradas ($);Salidas ($);Saldo Actual ($);Costo Promedio;Precio
EMP000001;DOLOMITA 70-25;02;PLANTA VILLAVICENCIO          ;8890 ;0 ;0 ;8890 ;10896473 ;0 ;0 ;10896473 ;1226 ;0 
EMP000002;MAGNESIANA PARA ENMIENDA 57-33;02;PLANTA VILLAVICENCIO          ;0 ;0 ;0 ;0 ;0 ;0 ;0 ;0 ;0 ;0 
EMP000003;MAGNESIANA PARA ENMIENDA 70-30;02;PLANTA VILLAVICENCIO          ;0 ;0 ;0 ;0 ;0 ;0 ;0 ;0 ;0 ;0 
EMP000004;CY 70-30;02;PLANTA VILLAVICENCIO          ;0 ;0 ;0 ;0 ;0 ;0 ;0 ;0 ;0 ;0 
EMP000005;CALIZA PARA ENMIENDA;02;PLANTA VILLAVICENCIO          ;564 ;0 ;0 ;564 ;652368 ;0 ;0 ;652368 ;1157 ;0 
EMP000006;DOLOMITA 57-33;02;PLANTA VILLAVICENCIO          ;3365 ;0 ;0 ;3365 ;5404190 ;0 ;0 ;5404190 ;1606 ;0 
EMP000007;ENMIENDA TRIPLE 30;02;PLANTA VILLAVICENCIO          ;0 ;4000 ;0 ;0 ;0 ;5792600 ;0 ;0 ;1476 ;1448 
EMP000007;ENMIENDA TRIPLE 30;02;PLANTA VILLAVICENCIO          ;6736 ;4000 ;0 ;10736 ;10058764 ;5792600 ;0 ;15851364 ;1476 ;0 
EMP000008;ENMIENDA TRIPLE 30 MENORES;02;PLANTA VILLAVICENCIO          ;0 ;0 ;0 ;0 ;0 ;0 ;0 ;0 ;0 ;0 
EMP000009;FERTIENMIENDA TRIPLE 30;02;PLANTA VILLAVICENCIO          ;0 ;0 ;0 ;0 ;0 ;0 ;0 ;0 ;0 ;0 
EMP000010;FERTILIZANTES MENORES;02;PLANTA VILLAVICENCIO          ;0 ;0 ;0 ;0 ;0 ;0 ;0 ;0 ;0 ;0 
EMP000011;FOSFORITA 26;02;PLANTA VILLAVICENCIO          ;5543 ;0 ;0 ;5543 ;6794055 ;0 ;0 ;6794055 ;1226 ;0 
EMP000012;FOSFORO SOLUBLE 10;02;PLANTA VILLAVICENCIO          ;0 ;0 ;0 ;0 ;0 ;0 ;0 ;0 ;711 ;0 
EMP000013;FOSFOYESO;02;PLANTA VILLAVICENCIO          ;93 ;0 ;0 ;93 ;146748 ;0 ;0 ;146748 ;1578 ;0 
EMP000014;FOSMACAL AZUFRE + ELEMENTOS MENORES;02;PLANTA VILLAVICENCIO          ;0 ;0 ;0 ;0 ;0 ;0 ;0 ;0 ;0 ;0 
EMP000015;FOSMACAL AZUFRE LLANERO;02;PLANTA VILLAVICENCIO          ;0 ;0 ;0 ;0 ;0 ;0 ;0 ;0 ;860 ;0 
EMP000016;FOSYEMAG;02;PLANTA VILLAVICENCIO          ;0 ;0 ;0 ;0 ;0 ;0 ;0 ;0 ;859 ;0 
EMP000017;KIESULMAG;02;PLANTA VILLAVICENCIO          ;0 ;0 ;0 ;0 ;0 ;0 ;0 ;0 ;711 ;0 
EMP000018;OXIDO DE MAGNESIO 45;02;PLANTA VILLAVICENCIO          ;1702 ;0 ;0 ;1702 ;1798848 ;0 ;0 ;1798848 ;1057 ;0 
EMP000019;OXIDOL;02;PLANTA VILLAVICENCIO          ;2106 ;0 ;0 ;2106 ;2897098 ;0 ;0 ;2897098 ;1376 ;0 
EMP000020;SILIMAG 30-30 PLANTA FISICA;02;PLANTA VILLAVICENCIO          ;0 ;0 ;0 ;0 ;0 ;0 ;0 ;0 ;1226 ;0 
EMP000021;SOLUFOS EXPORTACION;02;PLANTA VILLAVICENCIO          ;0 ;0 ;0 ;0 ;0 ;0 ;0 ;0 ;0 ;0 
EMP000022;SULFATO DE MAGNESIO AGRICOLA;02;PLANTA VILLAVICENCIO          ;0 ;0 ;0 ;0 ;0 ;0 ;0 ;0 ;0 ;0 
EMP000023;SULFATO DE MAGNESIO EXPORTACION;02;PLANTA VILLAVICENCIO          ;0 ;0 ;0 ;0 ;0 ;0 ;0 ;0 ;0 ;0 
EMP000024;SULFATO DE ZINC;02;PLANTA VILLAVICENCIO          ;20 ;0 ;0 ;20 ;27513 ;0 ;0 ;27513 ;1376 ;0 
EMP000025;SULFOCALMAG;02;PLANTA VILLAVICENCIO          ;0 ;0 ;0 ;0 ;0 ;0 ;0 ;0 ;0 ;0 
EMP000026;YESO AGRICOLA PARA ENMIENDA;02;PLANTA VILLAVICENCIO          ;0 ;0 ;304 ;0 ;0 ;0 ;398544 ;0 ;1311 ;1311 
EMP000026;YESO AGRICOLA PARA ENMIENDA;02;PLANTA VILLAVICENCIO          ;0 ;0 ;371 ;0 ;0 ;0 ;486381 ;0 ;1311 ;1311 
EMP000026;YESO AGRICOLA PARA ENMIENDA;02;PLANTA VILLAVICENCIO          ;8631 ;0 ;675 ;7956 ;11315241 ;0 ;884925 ;10430316 ;1311 ;0 
EMP000027;SILICALMAG;02;PLANTA VILLAVICENCIO          ;6856 ;0 ;0 ;6856 ;10560757 ;0 ;0 ;10560757 ;1540 ;0 
EMP000028;MAGSAM 28-0-0-7;02;PLANTA VILLAVICENCIO          ;0 ;0 ;0 ;0 ;0 ;0 ;0 ;0 ;0 ;0 
EMP000029;SULFATO DE MAGNESIO EC;02;PLANTA VILLAVICENCIO          ;0 ;0 ;0 ;0 ;0 ;0 ;0 ;0 ;0 ;0 
EMP000030;EMPAQUE DIABONOS;02;PLANTA VILLAVICENCIO          ;0 ;0 ;0 ;0 ;0 ;0 ;0 ;0 ;0 ;0 
EMP000031;CAL DE BLANQUEAR;02;PLANTA VILLAVICENCIO          ;0 ;0 ;0 ;0 ;0 ;0 ;0 ;0 ;9300 ;0 
EMP000032;T - FOS + Bolsa interna;02;PLANTA VILLAVICENCIO          ;1164 ;0 ;0 ;1164 ;1875507 ;0 ;0 ;1875507 ;1611 ;0 
EMP000033;MAGNESIANA 57-33 EXPORTACION;02;PLANTA VILLAVICENCIO          ;0 ;0 ;0 ;0 ;0 ;0 ;0 ;0 ;0 ;0 
EMP000034;CALPHOX LAMINADO;02;PLANTA VILLAVICENCIO          ;0 ;0 ;0 ;0 ;0 ;0 ;0 ;0 ;0 ;0 
EMP000035;MEZCLA FISICA;02;PLANTA VILLAVICENCIO          ;0 ;0 ;227 ;0 ;0 ;0 ;333313 ;0 ;1468 ;1468 
EMP000035;MEZCLA FISICA;02;PLANTA VILLAVICENCIO          ;0 ;2000 ;0 ;0 ;0 ;3477180 ;0 ;0 ;1739 ;1739 
EMP000035;MEZCLA FISICA;02;PLANTA VILLAVICENCIO          ;0 ;0 ;848 ;0 ;0 ;0 ;1474324 ;0 ;1739 ;1739 
EMP000035;MEZCLA FISICA;02;PLANTA VILLAVICENCIO          ;0 ;0 ;856 ;0 ;0 ;0 ;1488233 ;0 ;1739 ;1739 
EMP000035;MEZCLA FISICA;02;PLANTA VILLAVICENCIO          ;0 ;0 ;12 ;0 ;0 ;0 ;20863 ;0 ;1739 ;1739 
EMP000035;MEZCLA FISICA;02;PLANTA VILLAVICENCIO          ;0 ;0 ;25 ;0 ;0 ;0 ;43465 ;0 ;1739 ;1739 
EMP000035;MEZCLA FISICA;02;PLANTA VILLAVICENCIO          ;0 ;0 ;259 ;0 ;0 ;0 ;450295 ;0 ;1739 ;1739 
EMP000035;MEZCLA FISICA;02;PLANTA VILLAVICENCIO          ;227 ;2000 ;2227 ;0 ;333313 ;3477180 ;3810493 ;-0 ;1739 ;0 
EMP000036;CALPHOX PINA;02;PLANTA VILLAVICENCIO          ;0 ;0 ;0 ;0 ;0 ;0 ;0 ;0 ;860 ;0 
EMP000037;ESLINGAS;02;PLANTA VILLAVICENCIO          ;0 ;0 ;0 ;0 ;0 ;0 ;0 ;0 ;0 ;0 
EMP000038;SILIMAG 30-30 REG 6410;02;PLANTA VILLAVICENCIO          ;0 ;0 ;0 ;0 ;0 ;0 ;0 ;0 ;0 ;0 
EMP000039;EMPAQUE BOSPLANT;02;PLANTA VILLAVICENCIO          ;3109 ;0 ;0 ;3109 ;4276865 ;0 ;0 ;4276865 ;1376 ;0 
EMP000040;FERTIMENORES BORO ZINC;02;PLANTA VILLAVICENCIO          ;0 ;0 ;0 ;0 ;0 ;0 ;0 ;0 ;0 ;0 
EMP000041;SACOS BIGBAG de 2da;02;PLANTA VILLAVICENCIO          ;0 ;0 ;11 ;0 ;0 ;0 ;190294 ;0 ;17299 ;17299 
EMP000041;SACOS BIGBAG de 2da;02;PLANTA VILLAVICENCIO          ;0 ;0 ;18 ;0 ;0 ;0 ;311389 ;0 ;17299 ;17299 
EMP000041;SACOS BIGBAG de 2da;02;PLANTA VILLAVICENCIO          ;255 ;0 ;29 ;226 ;4411349 ;0 ;501683 ;3909667 ;17299 ;0 
EMP000042;FERTIENMIENDA VERDE;02;PLANTA VILLAVICENCIO          ;0 ;0 ;0 ;0 ;0 ;0 ;0 ;0 ;2 ;0 
EMP000043;MEZCLA FISICA x 25 KG;02;PLANTA VILLAVICENCIO          ;0 ;0 ;0 ;0 ;0 ;0 ;0 ;0 ;0 ;0 
EMP000044;BOLSAS ALTA DENSIDAD 55*110;02;PLANTA VILLAVICENCIO          ;2704 ;0 ;0 ;2704 ;719264 ;0 ;0 ;719264 ;266 ;0 
EMP000045;ESTIBAS;02;PLANTA VILLAVICENCIO          ;0 ;0 ;0 ;0 ;0 ;0 ;0 ;0 ;0 ;0 
EMP000046;KIESULMAG K;02;PLANTA VILLAVICENCIO          ;0 ;0 ;0 ;0 ;0 ;0 ;0 ;0 ;0 ;0 
EMP000047;NATUMINE;02;PLANTA VILLAVICENCIO          ;0 ;0 ;0 ;0 ;0 ;0 ;0 ;0 ;796 ;0 
EMP000048;PLACA CYBER NATUMINE;02;PLANTA VILLAVICENCIO          ;0 ;0 ;0 ;0 ;0 ;0 ;0 ;0 ;0 ;0 
EMP000049;SACOS BIGBAG (NUEVOS);02;PLANTA VILLAVICENCIO          ;0 ;0 ;0 ;0 ;0 ;0 ;0 ;0 ;0 ;0 
EMP000050;SILIMAG 30-30 PLANTA QUIMICA;02;PLANTA VILLAVICENCIO          ;500 ;0 ;0 ;500 ;469565 ;0 ;0 ;469565 ;939 ;0 
EMP000051;MAG-XI-YESO;02;PLANTA VILLAVICENCIO          ;0 ;0 ;0 ;0 ;0 ;0 ;0 ;0 ;906 ;0 
EMP000052;SILIMAG 30-30 x 25 KL;02;PLANTA VILLAVICENCIO          ;0 ;0 ;0 ;0 ;0 ;0 ;0 ;0 ;0 ;0 
EMP000053;SULFATO DE MAGNESIO AGRICOLA x 25 KL;02;PLANTA VILLAVICENCIO          ;0 ;0 ;0 ;0 ;0 ;0 ;0 ;0 ;0 ;0 
EMP000054;OXIDOL H;02;PLANTA VILLAVICENCIO          ;0 ;0 ;0 ;0 ;0 ;0 ;0 ;0 ;0 ;0 
EMP000055;ENMIENDA TRIPLE 30 x 10 KL;02;PLANTA VILLAVICENCIO          ;0 ;0 ;0 ;0 ;0 ;0 ;0 ;0 ;0 ;0 
EMP000056;SULFOCALMAG NF;02;PLANTA VILLAVICENCIO          ;412 ;0 ;0 ;412 ;546802 ;0 ;0 ;546802 ;1327 ;0 
EMP000057;SULMAGSIL;02;PLANTA VILLAVICENCIO          ;1212 ;0 ;0 ;1212 ;1608554 ;0 ;0 ;1608554 ;1327 ;0 
EMP000058;FERTIMIENMIENDA GRAS;02;PLANTA VILLAVICENCIO          ;0 ;0 ;0 ;0 ;0 ;0 ;0 ;0 ;0 ;0 
EMP000059;FERTINUCLEO GROW;02;PLANTA VILLAVICENCIO          ;0 ;0 ;0 ;0 ;0 ;0 ;0 ;0 ;1035 ;0 
EMP000060;FICOSILIC SHR LA 01;02;PLANTA VILLAVICENCIO          ;0 ;0 ;0 ;0 ;0 ;0 ;0 ;0 ;0 ;0 
EMP000061;FERTIMENORES PALMERO;02;PLANTA VILLAVICENCIO          ;0 ;0 ;0 ;0 ;0 ;0 ;0 ;0 ;860 ;0 
EMP000062;FERTINUCLEO PANELERO;02;PLANTA VILLAVICENCIO          ;0 ;0 ;0 ;0 ;0 ;0 ;0 ;0 ;0 ;0 
EMP000063;MAGNESIANA P DEL RIO;02;PLANTA VILLAVICENCIO          ;0 ;0 ;0 ;0 ;0 ;0 ;0 ;0 ;859 ;0 
EMP000064;SILIMAG 30-30;02;PLANTA VILLAVICENCIO          ;657 ;0 ;0 ;657 ;453916 ;0 ;0 ;453916 ;691 ;0 
EMP000075;GENERICO;02;PLANTA VILLAVICENCIO          ;0 ;0 ;0 ;0 ;0 ;0 ;0 ;0 ;0 ;0 
EMP000076;ABONO PAZ DEL RIO;02;PLANTA VILLAVICENCIO          ;0 ;0 ;0 ;0 ;0 ;0 ;0 ;0 ;711 ;0 
EMP000077;POLIHALITA;02;PLANTA VILLAVICENCIO          ;17 ;0 ;0 ;17 ;13532 ;0 ;0 ;13532 ;796 ;0 
EMP000078;CAL MAGNESIANA 70-30;02;PLANTA VILLAVICENCIO          ;0 ;0 ;0 ;0 ;0 ;0 ;0 ;0 ;0 ;0 
EMP000079;FERTINUCLEO ACTIVE-K;02;PLANTA VILLAVICENCIO          ;0 ;0 ;0 ;0 ;0 ;0 ;0 ;0 ;0 ;0 
EMP000080;ENVASE DE 1 LITRO CON TAPA;02;PLANTA VILLAVICENCIO          ;0 ;0 ;0 ;0 ;0 ;0 ;0 ;0 ;0 ;0 
EMP000081;ENVASE AGRO 1000L B50MM BLANCO;02;PLANTA VILLAVICENCIO          ;0 ;0 ;0 ;0 ;0 ;0 ;0 ;0 ;1100 ;0 
EMP000082;GARRAFA AGRO 5L B50MM BLANCO;02;PLANTA VILLAVICENCIO          ;0 ;0 ;0 ;0 ;0 ;0 ;0 ;0 ;2713 ;0 
EMP000083;TAPA AGRO 50MM PP BLANCO LINER INDUCCION;02;PLANTA VILLAVICENCIO          ;0 ;0 ;0 ;0 ;0 ;0 ;0 ;0 ;408 ;0 
EMP000084;TAPA AGRO 60MM BLANCO;02;PLANTA VILLAVICENCIO          ;0 ;0 ;0 ;0 ;0 ;0 ;0 ;0 ;0 ;0 
EMP000085;ENVASE GENERICO BLANCO 20L;02;PLANTA VILLAVICENCIO          ;0 ;0 ;0 ;0 ;0 ;0 ;0 ;0 ;17784 ;0 
EMP000086;ENVASE GENERICO BLANCO 10L;02;PLANTA VILLAVICENCIO          ;0 ;0 ;0 ;0 ;0 ;0 ;0 ;0 ;8800 ;0 
EMP000087;CAJA 38x25x34 5L;02;PLANTA VILLAVICENCIO          ;0 ;0 ;0 ;0 ;0 ;0 ;0 ;0 ;0 ;0 
EMP000088;CAJA 37x28x25 1L;02;PLANTA VILLAVICENCIO          ;0 ;0 ;0 ;0 ;0 ;0 ;0 ;0 ;0 ;0 
EMP000089;CAJA x 32 10L;02;PLANTA VILLAVICENCIO          ;0 ;0 ;0 ;0 ;0 ;0 ;0 ;0 ;0 ;0 
EMP000090;MANNI-PLEX FOLI-CAL 5L;02;PLANTA VILLAVICENCIO          ;0 ;0 ;0 ;0 ;0 ;0 ;0 ;0 ;1 ;0 
EMP000091;MANNI-PLEX HORT 10L;02;PLANTA VILLAVICENCIO          ;0 ;0 ;0 ;0 ;0 ;0 ;0 ;0 ;1 ;0 
EMP000092;MANNI-PLEX ZN 5L;02;PLANTA VILLAVICENCIO          ;0 ;0 ;0 ;0 ;0 ;0 ;0 ;0 ;0 ;0 
EMP000093;MANNI-PLEX N-BORON 5L;02;PLANTA VILLAVICENCIO          ;0 ;0 ;0 ;0 ;0 ;0 ;0 ;0 ;1 ;0 
EMP000094;MANNI-PLEX ZN 1L;02;PLANTA VILLAVICENCIO          ;0 ;0 ;0 ;0 ;0 ;0 ;0 ;0 ;215 ;0 
EMP000095;MANNI-PLEX FOLI-CAL 1L;02;PLANTA VILLAVICENCIO          ;0 ;0 ;0 ;0 ;0 ;0 ;0 ;0 ;190 ;0 
EMP000096;MANNI-PLEX HORT 1L;02;PLANTA VILLAVICENCIO          ;0 ;0 ;0 ;0 ;0 ;0 ;0 ;0 ;0 ;0 
EMP000097;MANNI-PLEX LEGU 1L;02;PLANTA VILLAVICENCIO          ;0 ;0 ;0 ;0 ;0 ;0 ;0 ;0 ;0 ;0 
EMP000098;MANNI-PLEX CER 1L;02;PLANTA VILLAVICENCIO          ;0 ;0 ;0 ;0 ;0 ;0 ;0 ;0 ;1 ;0 
EMP000099;MANNI-PLEX MG 1L;02;PLANTA VILLAVICENCIO          ;0 ;0 ;0 ;0 ;0 ;0 ;0 ;0 ;1 ;0 
EMP000100;MANNI-PLEX MG 5L;02;PLANTA VILLAVICENCIO          ;0 ;0 ;0 ;0 ;0 ;0 ;0 ;0 ;0 ;0 
EMP000101;MANNI-PLEX N-BORON 1L;02;PLANTA VILLAVICENCIO          ;0 ;0 ;0 ;0 ;0 ;0 ;0 ;0 ;1 ;0 
EMP000102;MANNI-PLEX K 1L;02;PLANTA VILLAVICENCIO          ;0 ;0 ;0 ;0 ;0 ;0 ;0 ;0 ;1 ;0 
EMP000103;MANNI-PLEX CER 5L;02;PLANTA VILLAVICENCIO          ;0 ;0 ;0 ;0 ;0 ;0 ;0 ;0 ;0 ;0 
EMP000104;MANNI-PLEX LEGU 5L;02;PLANTA VILLAVICENCIO          ;0 ;0 ;0 ;0 ;0 ;0 ;0 ;0 ;0 ;0 
EMP000105;MANNI-PLEX HORT 5L;02;PLANTA VILLAVICENCIO          ;0 ;0 ;0 ;0 ;0 ;0 ;0 ;0 ;0 ;0 
EMP000106;MANNI-PLEX -N-BORON 20L;02;PLANTA VILLAVICENCIO          ;0 ;0 ;0 ;0 ;0 ;0 ;0 ;0 ;0 ;0 
EMP000107;MANNI-PLEX K 10L;02;PLANTA VILLAVICENCIO          ;0 ;0 ;0 ;0 ;0 ;0 ;0 ;0 ;1 ;0 
EMP000108;MANNI-PLEX CER 10L;02;PLANTA VILLAVICENCIO          ;0 ;0 ;0 ;0 ;0 ;0 ;0 ;0 ;1 ;0 
EMP000109;MANNI-PLEX FOLI-CAL 10L;02;PLANTA VILLAVICENCIO          ;0 ;0 ;0 ;0 ;0 ;0 ;0 ;0 ;0 ;0 
EMP000110;MANNI-PLEX MG 10L;02;PLANTA VILLAVICENCIO          ;0 ;0 ;0 ;0 ;0 ;0 ;0 ;0 ;0 ;0 
EMP000111;MANNI-PLEX ZN 10L;02;PLANTA VILLAVICENCIO          ;0 ;0 ;0 ;0 ;0 ;0 ;0 ;0 ;0 ;0 
EMP000112;MANNI-PLEX N-BORON 10L;02;PLANTA VILLAVICENCIO          ;0 ;0 ;0 ;0 ;0 ;0 ;0 ;0 ;0 ;0 
EMP000113;MANNI-PLEX FOLI-CAL 20L;02;PLANTA VILLAVICENCIO          ;0 ;0 ;0 ;0 ;0 ;0 ;0 ;0 ;0 ;0 
EMP000114;MANNI-PLEX MG 20L;02;PLANTA VILLAVICENCIO          ;0 ;0 ;0 ;0 ;0 ;0 ;0 ;0 ;0 ;0 
EMP000115;MANNI-PLEX HORT 20L;02;PLANTA VILLAVICENCIO          ;0 ;0 ;0 ;0 ;0 ;0 ;0 ;0 ;0 ;0 
EMP000116;MANNI-PLEX LEGU 20L;02;PLANTA VILLAVICENCIO          ;0 ;0 ;0 ;0 ;0 ;0 ;0 ;0 ;0 ;0 
EMP000117;MANNI-PLEX ZN 20L;02;PLANTA VILLAVICENCIO          ;0 ;0 ;0 ;0 ;0 ;0 ;0 ;0 ;0 ;0 
EMP000118;MANNI-PLEX CER 20L;02;PLANTA VILLAVICENCIO          ;0 ;0 ;0 ;0 ;0 ;0 ;0 ;0 ;0 ;0 
EMP000119;MANNI-PLEX K 20L;02;PLANTA VILLAVICENCIO          ;0 ;0 ;0 ;0 ;0 ;0 ;0 ;0 ;1 ;0 
EMP000120;MANNI-PLEX LEGU 10L;02;PLANTA VILLAVICENCIO          ;0 ;0 ;0 ;0 ;0 ;0 ;0 ;0 ;0 ;0 
EMP000121;MANNI-PLEX K 5L;02;PLANTA VILLAVICENCIO          ;0 ;0 ;0 ;0 ;0 ;0 ;0 ;0 ;1 ;0 
EMP000122;ETIQUETA DE ADVERTENCIA;02;PLANTA VILLAVICENCIO          ;0 ;0 ;0 ;0 ;0 ;0 ;0 ;0 ;0 ;0 
EMP000123;FERTISILIC M LA EXPORTACION;02;PLANTA VILLAVICENCIO          ;0 ;0 ;0 ;0 ;0 ;0 ;0 ;0 ;0 ;0 
EMP000124;FERTINUCLEO T-FOS LA EXPORTACION;02;PLANTA VILLAVICENCIO          ;0 ;0 ;0 ;0 ;0 ;0 ;0 ;0 ;0 ;0 
EMP000125;FICOSILIC SHR LA EXPORTACION;02;PLANTA VILLAVICENCIO          ;0 ;0 ;0 ;0 ;0 ;0 ;0 ;0 ;0 ;0 
EMP000126;EMPAQUE DE SEGUNDA;02;PLANTA VILLAVICENCIO          ;0 ;0 ;0 ;0 ;0 ;0 ;0 ;0 ;0 ;0 
EMP000127;ETIQUETA FERTI CONTROL - MATRIZ G 1L;02;PLANTA VILLAVICENCIO          ;0 ;0 ;0 ;0 ;0 ;0 ;0 ;0 ;0 ;0 
EMP000128;ETIQUETA FERTI CONTROL - MATRIZ G 5L;02;PLANTA VILLAVICENCIO          ;0 ;0 ;0 ;0 ;0 ;0 ;0 ;0 ;0 ;0 
EMP000129;ETIQUETA FERTI CONTROL - MATRIZ G 10L;02;PLANTA VILLAVICENCIO          ;0 ;0 ;0 ;0 ;0 ;0 ;0 ;0 ;0 ;0 
EMP000130;ETIQUETA FERTI CONTROL - MATRIZ G 20L;02;PLANTA VILLAVICENCIO          ;0 ;0 ;0 ;0 ;0 ;0 ;0 ;0 ;0 ;0 
EMP000131;ETIQUETA FERTI CONTROL SK 30 1L;02;PLANTA VILLAVICENCIO          ;0 ;0 ;0 ;0 ;0 ;0 ;0 ;0 ;0 ;0 
EMP000132;ETIQUETA FERTI CONTROL SK 30 5L;02;PLANTA VILLAVICENCIO          ;0 ;0 ;0 ;0 ;0 ;0 ;0 ;0 ;0 ;0 
EMP000133;ETIQUETA FERTI CONTROL SK 30 10L;02;PLANTA VILLAVICENCIO          ;0 ;0 ;0 ;0 ;0 ;0 ;0 ;0 ;0 ;0 
EMP000134;ETIQUETA FERTI CONTROL SK 30 20L;02;PLANTA VILLAVICENCIO          ;0 ;0 ;0 ;0 ;0 ;0 ;0 ;0 ;0 ;0 
EMP000135;ETIQUETA FERTI CONTROL INTACTO 1L;02;PLANTA VILLAVICENCIO          ;0 ;0 ;0 ;0 ;0 ;0 ;0 ;0 ;0 ;0 
EMP000136;ETIQUETA FERTI CONTROL INTACTO 5L;02;PLANTA VILLAVICENCIO          ;0 ;0 ;0 ;0 ;0 ;0 ;0 ;0 ;0 ;0 
EMP000137;ETIQUETA FERTI CONTROL INTACTO 10L;02;PLANTA VILLAVICENCIO          ;0 ;0 ;0 ;0 ;0 ;0 ;0 ;0 ;0 ;0 
EMP000138;ETIQUETA FERTI CONTROL INTACTO 20L;02;PLANTA VILLAVICENCIO          ;0 ;0 ;0 ;0 ;0 ;0 ;0 ;0 ;0 ;0 
EMP000139;ETIQUETA FERTI CONTROL - MATRIZ D 1L;02;PLANTA VILLAVICENCIO          ;0 ;0 ;0 ;0 ;0 ;0 ;0 ;0 ;0 ;0 
EMP000140;ETIQUETA FERTI CONTROL - MATRIZ D 5L;02;PLANTA VILLAVICENCIO          ;0 ;0 ;0 ;0 ;0 ;0 ;0 ;0 ;0 ;0 
EMP000141;ETIQUETA FERTI CONTROL - MATRIZ D 10L;02;PLANTA VILLAVICENCIO          ;0 ;0 ;0 ;0 ;0 ;0 ;0 ;0 ;0 ;0 
EMP000142;ETIQUETA FERTI CONTROL - MATRIZ D 20L;02;PLANTA VILLAVICENCIO          ;0 ;0 ;0 ;0 ;0 ;0 ;0 ;0 ;0 ;0 
EMP000143;ETIQUETA FERTI CONTROL SALUT 1L;02;PLANTA VILLAVICENCIO          ;0 ;0 ;0 ;0 ;0 ;0 ;0 ;0 ;0 ;0 
EMP000144;ETIQUETA FERTI CONTROL SALUT 5L;02;PLANTA VILLAVICENCIO          ;0 ;0 ;0 ;0 ;0 ;0 ;0 ;0 ;0 ;0 
EMP000145;ETIQUETA FERTI CONTROL SALUT 10L;02;PLANTA VILLAVICENCIO          ;0 ;0 ;0 ;0 ;0 ;0 ;0 ;0 ;0 ;0 
EMP000146;ETIQUETA FERTI CONTROL SALUT 20L;02;PLANTA VILLAVICENCIO          ;0 ;0 ;0 ;0 ;0 ;0 ;0 ;0 ;0 ;0 
EMP000147;ETIQUETA FERTI CONTROL ACTIVO 1L;02;PLANTA VILLAVICENCIO          ;0 ;0 ;0 ;0 ;0 ;0 ;0 ;0 ;0 ;0 
EMP000148;ETIQUETA FERTI CONTROL ACTIVO 5L;02;PLANTA VILLAVICENCIO          ;0 ;0 ;0 ;0 ;0 ;0 ;0 ;0 ;0 ;0 
EMP000149;ETIQUETA FERTI CONTROL ACTIVO 10L;02;PLANTA VILLAVICENCIO          ;0 ;0 ;0 ;0 ;0 ;0 ;0 ;0 ;0 ;0 
EMP000150;ETIQUETA FERTI CONTROL ACTIVO 20L;02;PLANTA VILLAVICENCIO          ;0 ;0 ;0 ;0 ;0 ;0 ;0 ;0 ;0 ;0 
EMP000151;ETIQUETA FERTI CONTROL PRO UV 1L;02;PLANTA VILLAVICENCIO          ;0 ;0 ;0 ;0 ;0 ;0 ;0 ;0 ;0 ;0 
EMP000152;ETIQUETA FERTI CONTROL PRO UV 5L;02;PLANTA VILLAVICENCIO          ;0 ;0 ;0 ;0 ;0 ;0 ;0 ;0 ;0 ;0 
EMP000153;ETIQUETA FERTI CONTROL PRO UV 10L;02;PLANTA VILLAVICENCIO          ;0 ;0 ;0 ;0 ;0 ;0 ;0 ;0 ;0 ;0 
EMP000154;ETIQUETA FERTI CONTROL PRO UV 20L;02;PLANTA VILLAVICENCIO          ;0 ;0 ;0 ;0 ;0 ;0 ;0 ;0 ;0 ;0 
EMP000155;CAJA x 12 UND 1L;02;PLANTA VILLAVICENCIO          ;0 ;0 ;0 ;0 ;0 ;0 ;0 ;0 ;0 ;0 
EMP000156;CAJA x 2 UND 10L;02;PLANTA VILLAVICENCIO          ;0 ;0 ;0 ;0 ;0 ;0 ;0 ;0 ;0 ;0 
EMP000157;CAJA x 4 UND 5L;02;PLANTA VILLAVICENCIO          ;0 ;0 ;0 ;0 ;0 ;0 ;0 ;0 ;0 ;0 
EMP000158;DOLOMITA 57-33 LINER;02;PLANTA VILLAVICENCIO          ;0 ;0 ;0 ;0 ;0 ;0 ;0 ;0 ;0 ;0 
EMP000159;ENMIENDA TRIPLE 30 LINER;02;PLANTA VILLAVICENCIO          ;0 ;0 ;0 ;0 ;0 ;0 ;0 ;0 ;0 ;0 
EMP000161;SILICALMAG EXPORTACION + BOLSAS;02;PLANTA VILLAVICENCIO          ;0 ;0 ;0 ;0 ;0 ;0 ;0 ;0 ;1072 ;0 
EMP000162;BOLSAS ALTA DENSIDAD 42*70;02;PLANTA VILLAVICENCIO          ;0 ;0 ;0 ;0 ;0 ;0 ;0 ;0 ;0 ;0 
EMP000163;PHOSFAMAG;02;PLANTA VILLAVICENCIO          ;0 ;0 ;0 ;0 ;0 ;0 ;0 ;0 ;0 ;0 
EMP000166;EMPAQUE BLANCO LAMINADO;02;PLANTA VILLAVICENCIO          ;0 ;0 ;0 ;0 ;0 ;0 ;0 ;0 ;0 ;0 
EMP000167;EMPAQUE BLANCO LAMINADO CON LINER;02;PLANTA VILLAVICENCIO          ;0 ;0 ;0 ;0 ;0 ;0 ;0 ;0 ;0 ;0 
EMP000168;ETIQUETA BIOCOMPLEX;02;PLANTA VILLAVICENCIO          ;0 ;0 ;0 ;0 ;0 ;0 ;0 ;0 ;0 ;0 
EMP000169;IBC DE SEGUNDA;02;PLANTA VILLAVICENCIO          ;0 ;0 ;0 ;0 ;0 ;0 ;0 ;0 ;0 ;0 
EMP000170;FERTISILIC Q;02;PLANTA VILLAVICENCIO          ;0 ;0 ;0 ;0 ;0 ;0 ;0 ;0 ;0 ;0 
EMP000171;FOSYEMAG x 25 Kg;02;PLANTA VILLAVICENCIO          ;0 ;0 ;0 ;0 ;0 ;0 ;0 ;0 ;0 ;0 
EMP000172;GRANUYESO;02;PLANTA VILLAVICENCIO          ;0 ;0 ;0 ;0 ;0 ;0 ;0 ;0 ;0 ;0 
EMP000173;FERTISILIC TERMICO;02;PLANTA VILLAVICENCIO          ;0 ;0 ;0 ;0 ;0 ;0 ;0 ;0 ;0 ;0 
EMP000174;TAPA AGRO 50MM VALVULA DESGASIFICADORA;02;PLANTA VILLAVICENCIO          ;0 ;0 ;0 ;0 ;0 ;0 ;0 ;0 ;0 ;0 
EMP000175;TAPA SAFE GRIP 60MM VALVULA DESGASIFICAD;02;PLANTA VILLAVICENCIO          ;0 ;0 ;0 ;0 ;0 ;0 ;0 ;0 ;0 ;0 
EMP000176;ESLINGAS DE SEGUNDA;02;PLANTA VILLAVICENCIO          ;0 ;0 ;0 ;0 ;0 ;0 ;0 ;0 ;0 ;0 
EMP000177;MEZCLA FISICA CON LINER;02;PLANTA VILLAVICENCIO          ;0 ;0 ;546 ;0 ;0 ;0 ;906700 ;0 ;1661 ;1661 
EMP000177;MEZCLA FISICA CON LINER;02;PLANTA VILLAVICENCIO          ;0 ;0 ;997 ;0 ;0 ;0 ;1655641 ;0 ;1661 ;1661 
EMP000177;MEZCLA FISICA CON LINER;02;PLANTA VILLAVICENCIO          ;0 ;0 ;1514 ;0 ;0 ;0 ;2514182 ;0 ;1661 ;1661 
EMP000177;MEZCLA FISICA CON LINER;02;PLANTA VILLAVICENCIO          ;0 ;0 ;952 ;0 ;0 ;0 ;1580913 ;0 ;1661 ;1661 
EMP000177;MEZCLA FISICA CON LINER;02;PLANTA VILLAVICENCIO          ;0 ;0 ;552 ;0 ;0 ;0 ;916664 ;0 ;1661 ;1661 
EMP000177;MEZCLA FISICA CON LINER;02;PLANTA VILLAVICENCIO          ;4561 ;0 ;4561 ;0 ;7574099 ;0 ;7574099 ;0 ;1661 ;0 
EMP000178;MAGNESIANA P RIO;02;PLANTA VILLAVICENCIO          ;0 ;0 ;0 ;0 ;0 ;0 ;0 ;0 ;0 ;0 
EMP000179;ENMIENDA TRIPLE 30 X 10KG;02;PLANTA VILLAVICENCIO          ;0 ;0 ;0 ;0 ;0 ;0 ;0 ;0 ;0 ;0 
EMP000180;CAJA x 12 UND 1L GENERICA;02;PLANTA VILLAVICENCIO          ;0 ;0 ;0 ;0 ;0 ;0 ;0 ;0 ;0 ;0 
EMP000181;CAJA x 4 UND GL GENRICA;02;PLANTA VILLAVICENCIO          ;0 ;0 ;0 ;0 ;0 ;0 ;0 ;0 ;0 ;0 
EMP000182;LINER TAPA 50MM;02;PLANTA VILLAVICENCIO          ;0 ;0 ;0 ;0 ;0 ;0 ;0 ;0 ;0 ;0 
EMP000183;ETIQUETAS BIONUTRE 1L;02;PLANTA VILLAVICENCIO          ;0 ;0 ;0 ;0 ;0 ;0 ;0 ;0 ;0 ;0 
EMP000184;ENVASE AGRO 250 ML B50MM BLANCO;02;PLANTA VILLAVICENCIO          ;0 ;0 ;0 ;0 ;0 ;0 ;0 ;0 ;0 ;0 
EMP000185;ETIQUETA MANNI-PLEX B-MOLY 1L;02;PLANTA VILLAVICENCIO          ;0 ;0 ;0 ;0 ;0 ;0 ;0 ;0 ;0 ;0 
EMP000186;ETIQUETA MANNI-PLEX B-MOLY 20L;02;PLANTA VILLAVICENCIO          ;0 ;0 ;0 ;0 ;0 ;0 ;0 ;0 ;0 ;0 
EMP000187;ETIQUETA MANNI-PLEX B-MOLY 5L;02;PLANTA VILLAVICENCIO          ;0 ;0 ;0 ;0 ;0 ;0 ;0 ;0 ;0 ;0 
EMP000188;ETIQUETA MANNI-PLEX CA 1L;02;PLANTA VILLAVICENCIO          ;0 ;0 ;0 ;0 ;0 ;0 ;0 ;0 ;0 ;0 
EMP000189;ETIQUETA MANNI-PLEX CA 20L;02;PLANTA VILLAVICENCIO          ;0 ;0 ;0 ;0 ;0 ;0 ;0 ;0 ;0 ;0 
EMP000190;ETIQUETA MANNI-PLEX CA 5L;02;PLANTA VILLAVICENCIO          ;0 ;0 ;0 ;0 ;0 ;0 ;0 ;0 ;0 ;0 
EMP000191;ETIQUETA MANNI-PLEX CAL-B 1L;02;PLANTA VILLAVICENCIO          ;0 ;0 ;0 ;0 ;0 ;0 ;0 ;0 ;0 ;0 
EMP000192;ETIQUETA MANNI-PLEX CAL-B 20L;02;PLANTA VILLAVICENCIO          ;0 ;0 ;0 ;0 ;0 ;0 ;0 ;0 ;0 ;0 
EMP000193;ETIQUETA MANNI-PLEX CAL-B 5L;02;PLANTA VILLAVICENCIO          ;0 ;0 ;0 ;0 ;0 ;0 ;0 ;0 ;0 ;0 
EMP000194;ETIQUETA MANNI-PLEX FE 1L;02;PLANTA VILLAVICENCIO          ;0 ;0 ;0 ;0 ;0 ;0 ;0 ;0 ;0 ;0 
EMP000195;ETIQUETA MANNI-PLEX FE 20L;02;PLANTA VILLAVICENCIO          ;0 ;0 ;0 ;0 ;0 ;0 ;0 ;0 ;0 ;0 
EMP000196;ETIQUETA MANNI-PLEX FE 5L;02;PLANTA VILLAVICENCIO          ;0 ;0 ;0 ;0 ;0 ;0 ;0 ;0 ;0 ;0 
EMP000197;ETIQUETA MANNI-PLEX MN 1L;02;PLANTA VILLAVICENCIO          ;0 ;0 ;0 ;0 ;0 ;0 ;0 ;0 ;0 ;0 
EMP000198;ETIQUETA MANNI-PLEX MN 20L;02;PLANTA VILLAVICENCIO          ;0 ;0 ;0 ;0 ;0 ;0 ;0 ;0 ;0 ;0 
EMP000199;ETIQUETA MANNI-PLEX MN 5L;02;PLANTA VILLAVICENCIO          ;0 ;0 ;0 ;0 ;0 ;0 ;0 ;0 ;0 ;0 
EMP000200;ETIQUETA SMART CU 1L;02;PLANTA VILLAVICENCIO          ;0 ;0 ;0 ;0 ;0 ;0 ;0 ;0 ;0 ;0 
EMP000201;ETIQUETA SMART CU 20L;02;PLANTA VILLAVICENCIO          ;0 ;0 ;0 ;0 ;0 ;0 ;0 ;0 ;0 ;0 
EMP000202;ETIQUETA SMART CU 5L;02;PLANTA VILLAVICENCIO          ;0 ;0 ;0 ;0 ;0 ;0 ;0 ;0 ;0 ;0 
EMP000203;ETIQUETA SMART TRIO 1L;02;PLANTA VILLAVICENCIO          ;0 ;0 ;0 ;0 ;0 ;0 ;0 ;0 ;0 ;0 
EMP000204;ETIQUETA SMART TRIO 20L;02;PLANTA VILLAVICENCIO          ;0 ;0 ;0 ;0 ;0 ;0 ;0 ;0 ;0 ;0 
EMP000205;ETIQUETA SMART TRIO 5L;02;PLANTA VILLAVICENCIO          ;0 ;0 ;0 ;0 ;0 ;0 ;0 ;0 ;0 ;0 
EMP000206;ETIQUETA SMART ZN 1L;02;PLANTA VILLAVICENCIO          ;0 ;0 ;0 ;0 ;0 ;0 ;0 ;0 ;0 ;0 
EMP000207;ETIQUETA SMART ZN 20L;02;PLANTA VILLAVICENCIO          ;0 ;0 ;0 ;0 ;0 ;0 ;0 ;0 ;0 ;0 
EMP000208;ETIQUETA SMART ZN 5L;02;PLANTA VILLAVICENCIO          ;0 ;0 ;0 ;0 ;0 ;0 ;0 ;0 ;0 ;0 
EMP000209;ETIQUETA BIOPLAG 1 KG;02;PLANTA VILLAVICENCIO          ;0 ;0 ;0 ;0 ;0 ;0 ;0 ;0 ;0 ;0 
EMP000211;TAPA AGRO 50MM PP BLANCO LINER IND VALVU;02;PLANTA VILLAVICENCIO          ;0 ;0 ;0 ;0 ;0 ;0 ;0 ;0 ;0 ;0 
EMP000212;ETIQUETA FERTI CONTROL MATRIZ G 1L DIGIT;02;PLANTA VILLAVICENCIO          ;0 ;0 ;0 ;0 ;0 ;0 ;0 ;0 ;0 ;0 
EMP000213;BOLSA T-FOS ABONATO;02;PLANTA VILLAVICENCIO          ;0 ;0 ;0 ;0 ;0 ;0 ;0 ;0 ;0 ;0 
MP0000001;ACIDO SULFURICO;02;PLANTA VILLAVICENCIO          ;0 ;0 ;0 ;0 ;0 ;0 ;0 ;0 ;0 ;0 
MP0000002;CALIZA RAJON;02;PLANTA VILLAVICENCIO          ;0 ;0 ;0 ;0 ;0 ;0 ;0 ;0 ;0 ;0 
MP0000003;DOLOMITA RAJON;02;PLANTA VILLAVICENCIO          ;0 ;0 ;300 ;0 ;0 ;0 ;60000 ;0 ;200 ;200 
MP0000003;DOLOMITA RAJON;02;PLANTA VILLAVICENCIO          ;4210 ;0 ;300 ;3910 ;842000 ;0 ;60000 ;782000 ;200 ;0 
MP0000004;SILICATO DE MAGNESIO RAJON;02;PLANTA VILLAVICENCIO          ;0 ;0 ;30325 ;0 ;0 ;0 ;6002112 ;0 ;198 ;198 
MP0000004;SILICATO DE MAGNESIO RAJON;02;PLANTA VILLAVICENCIO          ;0 ;34820 ;0 ;0 ;0 ;6894360 ;0 ;0 ;198 ;198 
MP0000004;SILICATO DE MAGNESIO RAJON;02;PLANTA VILLAVICENCIO          ;0 ;0 ;24925 ;0 ;0 ;0 ;4933311 ;0 ;198 ;198 
MP0000004;SILICATO DE MAGNESIO RAJON;02;PLANTA VILLAVICENCIO          ;0 ;34150 ;0 ;0 ;0 ;6761700 ;0 ;0 ;198 ;198 
MP0000004;SILICATO DE MAGNESIO RAJON;02;PLANTA VILLAVICENCIO          ;0 ;0 ;55850 ;0 ;0 ;0 ;11055369 ;0 ;198 ;198 
MP0000004;SILICATO DE MAGNESIO RAJON;02;PLANTA VILLAVICENCIO          ;0 ;33960 ;0 ;0 ;0 ;6724080 ;0 ;0 ;198 ;198 
MP0000004;SILICATO DE MAGNESIO RAJON;02;PLANTA VILLAVICENCIO          ;0 ;0 ;23800 ;0 ;0 ;0 ;4711592 ;0 ;198 ;198 
MP0000004;SILICATO DE MAGNESIO RAJON;02;PLANTA VILLAVICENCIO          ;0 ;0 ;35000 ;0 ;0 ;0 ;6928811 ;0 ;198 ;198 
MP0000004;SILICATO DE MAGNESIO RAJON;02;PLANTA VILLAVICENCIO          ;0 ;0 ;21400 ;0 ;0 ;0 ;4236473 ;0 ;198 ;198 
MP0000004;SILICATO DE MAGNESIO RAJON;02;PLANTA VILLAVICENCIO          ;0 ;0 ;7720 ;0 ;0 ;0 ;1528298 ;0 ;198 ;198 
MP0000004;SILICATO DE MAGNESIO RAJON;02;PLANTA VILLAVICENCIO          ;0 ;33970 ;0 ;0 ;0 ;6726060 ;0 ;0 ;198 ;198 
MP0000004;SILICATO DE MAGNESIO RAJON;02;PLANTA VILLAVICENCIO          ;0 ;0 ;14750 ;0 ;0 ;0 ;2920401 ;0 ;198 ;198 
MP0000004;SILICATO DE MAGNESIO RAJON;02;PLANTA VILLAVICENCIO          ;0 ;33680 ;0 ;0 ;0 ;6668640 ;0 ;0 ;198 ;198 
MP0000004;SILICATO DE MAGNESIO RAJON;02;PLANTA VILLAVICENCIO          ;0 ;34450 ;0 ;0 ;0 ;6821100 ;0 ;0 ;198 ;198 
MP0000004;SILICATO DE MAGNESIO RAJON;02;PLANTA VILLAVICENCIO          ;0 ;0 ;15900 ;0 ;0 ;0 ;3148169 ;0 ;198 ;198 
MP0000004;SILICATO DE MAGNESIO RAJON;02;PLANTA VILLAVICENCIO          ;104467 ;205030 ;229670 ;79827 ;20674088 ;40595940 ;45464536 ;15805492 ;198 ;0 
MP0000005;YESO DE MINA EN RAJON;02;PLANTA VILLAVICENCIO          ;0 ;0 ;19325 ;0 ;0 ;0 ;4444750 ;0 ;230 ;230 
MP0000005;YESO DE MINA EN RAJON;02;PLANTA VILLAVICENCIO          ;0 ;0 ;21875 ;0 ;0 ;0 ;5031250 ;0 ;230 ;230 
MP0000005;YESO DE MINA EN RAJON;02;PLANTA VILLAVICENCIO          ;0 ;0 ;13600 ;0 ;0 ;0 ;3128000 ;0 ;230 ;230 
MP0000005;YESO DE MINA EN RAJON;02;PLANTA VILLAVICENCIO          ;0 ;0 ;2200 ;0 ;0 ;0 ;506000 ;0 ;230 ;230 
MP0000005;YESO DE MINA EN RAJON;02;PLANTA VILLAVICENCIO          ;0 ;34000 ;0 ;0 ;0 ;7820000 ;0 ;0 ;230 ;230 
MP0000005;YESO DE MINA EN RAJON;02;PLANTA VILLAVICENCIO          ;0 ;0 ;1780 ;0 ;0 ;0 ;409400 ;0 ;230 ;230 
MP0000005;YESO DE MINA EN RAJON;02;PLANTA VILLAVICENCIO          ;0 ;32850 ;0 ;0 ;0 ;7555500 ;0 ;0 ;230 ;230 
MP0000005;YESO DE MINA EN RAJON;02;PLANTA VILLAVICENCIO          ;0 ;0 ;13400 ;0 ;0 ;0 ;3082000 ;0 ;230 ;230 
MP0000005;YESO DE MINA EN RAJON;02;PLANTA VILLAVICENCIO          ;0 ;0 ;31825 ;0 ;0 ;0 ;7480516 ;0 ;235 ;235 
MP0000005;YESO DE MINA EN RAJON;02;PLANTA VILLAVICENCIO          ;0 ;34310 ;0 ;0 ;0 ;8445407 ;0 ;0 ;235 ;246 
MP0000005;YESO DE MINA EN RAJON;02;PLANTA VILLAVICENCIO          ;0 ;0 ;18075 ;0 ;0 ;0 ;4248557 ;0 ;235 ;235 
MP0000005;YESO DE MINA EN RAJON;02;PLANTA VILLAVICENCIO          ;80710 ;101160 ;122080 ;59790 ;18563300 ;23820907 ;28330473 ;14053733 ;235 ;0 
MP0000006;CALIZA A GRANEL;02;PLANTA VILLAVICENCIO          ;0 ;0 ;0 ;0 ;0 ;0 ;0 ;0 ;226 ;0 
MP0000007;SILICATO DE SODIO;02;PLANTA VILLAVICENCIO          ;0 ;0 ;0 ;0 ;0 ;0 ;0 ;0 ;0 ;0 
MP0000008;CLORURO DE CALCIO;02;PLANTA VILLAVICENCIO          ;0 ;0 ;0 ;0 ;0 ;0 ;0 ;0 ;0 ;0 
MP0000009;ROCA FOSFORICA DEL 28% EN EMPAQUE 1ra;02;PLANTA VILLAVICENCIO          ;0 ;0 ;0 ;0 ;0 ;0 ;0 ;0 ;675 ;0 
MP0000010;ROCA FOSFORICA DEL 28% EN EMPAQUE 2da;02;PLANTA VILLAVICENCIO          ;0 ;0 ;0 ;0 ;0 ;0 ;0 ;0 ;0 ;0 
MP0000011;ROCA FOSFORICA DEL 26% EN EMPAQUE 2da;02;PLANTA VILLAVICENCIO          ;0 ;0 ;0 ;0 ;0 ;0 ;0 ;0 ;0 ;0 
MP0000012;ROCA FOSFORICA DEL 26% EN EMPAQUE 1ra;02;PLANTA VILLAVICENCIO          ;0 ;0 ;0 ;0 ;0 ;0 ;0 ;0 ;0 ;0 
MP0000013;ROCA FOSFORICA DEL 30% EN EMPAQUE 1ra;02;PLANTA VILLAVICENCIO          ;0 ;0 ;0 ;0 ;0 ;0 ;0 ;0 ;0 ;0 
MP0000014;ROCA FOSFORICA DEL 25% EN EMPAQUE 1ra;02;PLANTA VILLAVICENCIO          ;0 ;0 ;0 ;0 ;0 ;0 ;0 ;0 ;240 ;0 
MP0000015;COMPOST (GALLINAZA);02;PLANTA VILLAVICENCIO          ;0 ;0 ;0 ;0 ;0 ;0 ;0 ;0 ;129 ;0 
MP0000016;SILIMINEX MIX POLVO;02;PLANTA VILLAVICENCIO          ;0 ;0 ;0 ;0 ;0 ;0 ;0 ;0 ;0 ;0 
MP0000017;SILICATO DE MAGNESIO EN EMPAQUE DE 2da;02;PLANTA VILLAVICENCIO          ;0 ;0 ;0 ;0 ;0 ;0 ;0 ;0 ;74 ;0 
MP0000018;ACTIWAVE GRANULADO;02;PLANTA VILLAVICENCIO          ;0 ;0 ;0 ;0 ;0 ;0 ;0 ;0 ;0 ;0 
MP0000019;AZUFRE;02;PLANTA VILLAVICENCIO          ;0 ;0 ;0 ;0 ;0 ;0 ;0 ;0 ;0 ;0 
MP0000020;BORAX (IMPORTADO);02;PLANTA VILLAVICENCIO          ;3185 ;0 ;0 ;3185 ;18393086 ;0 ;0 ;18393086 ;5775 ;0 
MP0000021;COMPOST CON MICORRIZAS;02;PLANTA VILLAVICENCIO          ;0 ;0 ;0 ;0 ;0 ;0 ;0 ;0 ;1498 ;0 
MP0000022;DAP (fosfato di amonico);02;PLANTA VILLAVICENCIO          ;16 ;0 ;0 ;16 ;48000 ;0 ;0 ;48000 ;3000 ;0 
MP0000023;GOMA XANTAN;02;PLANTA VILLAVICENCIO          ;0 ;0 ;0 ;0 ;0 ;0 ;0 ;0 ;0 ;0 
MP0000024;KCL GRANULADO (cloruro de potasio);02;PLANTA VILLAVICENCIO          ;0 ;0 ;0 ;0 ;0 ;0 ;0 ;0 ;2005 ;0 
MP0000025;SULFATO DE AMONIO;02;PLANTA VILLAVICENCIO          ;0 ;0 ;0 ;0 ;0 ;0 ;0 ;0 ;0 ;0 
MP0000026;SULFATO DE COBRE;02;PLANTA VILLAVICENCIO          ;20 ;0 ;0 ;20 ;260000 ;0 ;0 ;260000 ;13000 ;0 
MP0000027;SULFATO FERROSO;02;PLANTA VILLAVICENCIO          ;0 ;0 ;0 ;0 ;0 ;0 ;0 ;0 ;0 ;0 
MP0000028;BIOCANE;02;PLANTA VILLAVICENCIO          ;0 ;0 ;0 ;0 ;0 ;0 ;0 ;0 ;0 ;0 
MP0000029;UREA;02;PLANTA VILLAVICENCIO          ;0 ;0 ;0 ;0 ;0 ;0 ;0 ;0 ;0 ;0 
MP0000030;VINAZA SECA AGRICOLA;02;PLANTA VILLAVICENCIO          ;0 ;0 ;0 ;0 ;0 ;0 ;0 ;0 ;0 ;0 
MP0000031;BORATO DE SODIO (ULEXITA);02;PLANTA VILLAVICENCIO          ;0 ;0 ;0 ;0 ;0 ;0 ;0 ;0 ;2424 ;0 
MP0000032;GRANUFOS 40;02;PLANTA VILLAVICENCIO          ;0 ;0 ;0 ;0 ;0 ;0 ;0 ;0 ;0 ;0 
MP0000033;SULFATO DE MANGANESO;02;PLANTA VILLAVICENCIO          ;0 ;0 ;0 ;0 ;0 ;0 ;0 ;0 ;3376 ;0 
MP0000034;OXIDO DE MANGANESO;02;PLANTA VILLAVICENCIO          ;0 ;0 ;0 ;0 ;0 ;0 ;0 ;0 ;0 ;0 
MP0000035;SILICATO DE CALCIO MP;02;PLANTA VILLAVICENCIO          ;0 ;0 ;0 ;0 ;0 ;0 ;0 ;0 ;0 ;0 
MP0000036;SILICATO DE CALCIO (POLVO);02;PLANTA VILLAVICENCIO          ;0 ;0 ;0 ;0 ;0 ;0 ;0 ;0 ;330 ;0 
MP0000037;SILICATO DE CALCIO (RAJON);02;PLANTA VILLAVICENCIO          ;33257 ;0 ;0 ;33257 ;9881371 ;0 ;0 ;9881371 ;297 ;0 
MP0000038;HIDROXIDO DE CALCIO (CALCO);02;PLANTA VILLAVICENCIO          ;0 ;0 ;0 ;0 ;0 ;0 ;0 ;0 ;0 ;0 
MP0000039;MAGNESITA;02;PLANTA VILLAVICENCIO          ;0 ;0 ;0 ;0 ;0 ;0 ;0 ;0 ;1094 ;0 
MP0000040;CAOLIN;02;PLANTA VILLAVICENCIO          ;0 ;0 ;0 ;0 ;0 ;0 ;0 ;0 ;0 ;0 
MP0000041;CARBON;02;PLANTA VILLAVICENCIO          ;0 ;0 ;0 ;0 ;0 ;0 ;0 ;0 ;0 ;0 
MP0000042;ABONISSA;02;PLANTA VILLAVICENCIO          ;0 ;0 ;0 ;0 ;0 ;0 ;0 ;0 ;285 ;0 
MP0000043;CALIZA MALLA 20;02;PLANTA VILLAVICENCIO          ;0 ;0 ;0 ;0 ;0 ;0 ;0 ;0 ;0 ;0 
MP0000044;OXIDO DE ZINC 70%;02;PLANTA VILLAVICENCIO          ;0 ;0 ;0 ;0 ;0 ;0 ;0 ;0 ;0 ;0 
MP0000045;SULFATO DE ZINC 22.5%;02;PLANTA VILLAVICENCIO          ;2119 ;0 ;0 ;2119 ;9321400 ;0 ;0 ;9321400 ;4400 ;0 
MP0000046;SULFATO DE AMONIO GRANULADO;02;PLANTA VILLAVICENCIO          ;0 ;0 ;0 ;0 ;0 ;0 ;0 ;0 ;0 ;0 
MP0000047;POLISULFATO;02;PLANTA VILLAVICENCIO          ;0 ;0 ;0 ;0 ;0 ;0 ;0 ;0 ;1661 ;0 
MP0000048;TERMOFOSFATO CALCIO-MAGNESIO (CHINO);02;PLANTA VILLAVICENCIO          ;2873 ;0 ;0 ;2873 ;8149688 ;0 ;0 ;8149688 ;2836 ;0 
MP0000049;CAL VIVA;02;PLANTA VILLAVICENCIO          ;0 ;0 ;0 ;0 ;0 ;0 ;0 ;0 ;1 ;0 
MP0000050;YESO GRANEL;02;PLANTA VILLAVICENCIO          ;0 ;0 ;0 ;0 ;0 ;0 ;0 ;0 ;0 ;0 
MP0000051;FOSFOYESO;02;PLANTA VILLAVICENCIO          ;0 ;0 ;0 ;0 ;0 ;0 ;0 ;0 ;130 ;0 
MP0000052;MAGNESITA CALCINADA;02;PLANTA VILLAVICENCIO          ;0 ;0 ;0 ;0 ;0 ;0 ;0 ;0 ;1540 ;0 
MP0000053;DOLOMITA EN EMPAQUE DE 2da;02;PLANTA VILLAVICENCIO          ;0 ;35500 ;0 ;0 ;0 ;6592350 ;0 ;0 ;186 ;186 
MP0000053;DOLOMITA EN EMPAQUE DE 2da;02;PLANTA VILLAVICENCIO          ;0 ;36500 ;0 ;0 ;0 ;6778050 ;0 ;0 ;186 ;186 
MP0000053;DOLOMITA EN EMPAQUE DE 2da;02;PLANTA VILLAVICENCIO          ;0 ;36500 ;0 ;0 ;0 ;6752500 ;0 ;0 ;186 ;185 
MP0000053;DOLOMITA EN EMPAQUE DE 2da;02;PLANTA VILLAVICENCIO          ;77140 ;108500 ;0 ;185640 ;14324898 ;20122900 ;0 ;34447798 ;186 ;0 
MP0000054;REPROCESO;02;PLANTA VILLAVICENCIO          ;0 ;0 ;0 ;0 ;0 ;0 ;0 ;0 ;200 ;0 
MP0000055;POTASHPLUS;02;PLANTA VILLAVICENCIO          ;0 ;0 ;0 ;0 ;0 ;0 ;0 ;0 ;0 ;0 
MP0000056;POLIHALITA SULFATO ESENCIAL (NATUMINE);02;PLANTA VILLAVICENCIO          ;0 ;0 ;0 ;0 ;0 ;0 ;0 ;0 ;0 ;0 
MP0000057;ACONDICIONADOR DE SUELOS;02;PLANTA VILLAVICENCIO          ;0 ;0 ;0 ;0 ;0 ;0 ;0 ;0 ;0 ;0 
MP0000058;NUTRI-HUMIC;02;PLANTA VILLAVICENCIO          ;0 ;0 ;0 ;0 ;0 ;0 ;0 ;0 ;0 ;0 
MP0000059;SILICATO DE MAGNESIO EN EMPAQUE DE 1ra;02;PLANTA VILLAVICENCIO          ;0 ;0 ;0 ;0 ;0 ;0 ;0 ;0 ;0 ;0 
MP0000060;ROCA FOSFORICA DEL 24% EN RAJON;02;PLANTA VILLAVICENCIO          ;0 ;0 ;0 ;0 ;0 ;0 ;0 ;0 ;373 ;0 
MP0000061;CALIZA EN EMPAQUE DE 2da;02;PLANTA VILLAVICENCIO          ;0 ;0 ;0 ;0 ;0 ;0 ;0 ;0 ;3 ;0 
MP0000062;YESO DE MINA EN EMPAQUE DE 2da;02;PLANTA VILLAVICENCIO          ;0 ;0 ;3050 ;0 ;0 ;0 ;981826 ;0 ;322 ;322 
MP0000062;YESO DE MINA EN EMPAQUE DE 2da;02;PLANTA VILLAVICENCIO          ;0 ;0 ;1250 ;0 ;0 ;0 ;402388 ;0 ;322 ;322 
MP0000062;YESO DE MINA EN EMPAQUE DE 2da;02;PLANTA VILLAVICENCIO          ;0 ;0 ;2350 ;0 ;0 ;0 ;756489 ;0 ;322 ;322 
MP0000062;YESO DE MINA EN EMPAQUE DE 2da;02;PLANTA VILLAVICENCIO          ;6650 ;0 ;6650 ;0 ;2140702 ;0 ;2140702 ;-0 ;322 ;0 
MP0000063;KIESERITA;02;PLANTA VILLAVICENCIO          ;0 ;0 ;0 ;0 ;0 ;0 ;0 ;0 ;0 ;0 
MP0000064;HIDROXIDO DE CALCIO;02;PLANTA VILLAVICENCIO          ;0 ;0 ;0 ;0 ;0 ;0 ;0 ;0 ;0 ;0 
MP0000065;DOLOMITA EN EMPAQUE DE 1ra;02;PLANTA VILLAVICENCIO          ;0 ;0 ;0 ;0 ;0 ;0 ;0 ;0 ;0 ;0 
MP0000067;SULFATO DE ZINC 35%;02;PLANTA VILLAVICENCIO          ;0 ;0 ;0 ;0 ;0 ;0 ;0 ;0 ;5436 ;0 
MP0000068;K-MAG;02;PLANTA VILLAVICENCIO          ;0 ;0 ;0 ;0 ;0 ;0 ;0 ;0 ;0 ;0 
MP0000069;FOLI-CAL IBC;02;PLANTA VILLAVICENCIO          ;0 ;0 ;0 ;0 ;0 ;0 ;0 ;0 ;0 ;0 
MP0000070;MANNI-PLEX HORT IBC;02;PLANTA VILLAVICENCIO          ;0 ;0 ;0 ;0 ;0 ;0 ;0 ;0 ;0 ;0 
MP0000071;MANNI-PLEX K IBC;02;PLANTA VILLAVICENCIO          ;0 ;0 ;0 ;0 ;0 ;0 ;0 ;0 ;0 ;0 
MP0000072;MANNI-PLEX LEGU IBC;02;PLANTA VILLAVICENCIO          ;0 ;0 ;0 ;0 ;0 ;0 ;0 ;0 ;0 ;0 
MP0000073;MANNI-PLEX MG IBC;02;PLANTA VILLAVICENCIO          ;0 ;0 ;0 ;0 ;0 ;0 ;0 ;0 ;0 ;0 
MP0000074;MANNI-PLEX ZN IBC;02;PLANTA VILLAVICENCIO          ;0 ;0 ;0 ;0 ;0 ;0 ;0 ;0 ;0 ;0 
MP0000075;N-BORON IBC;02;PLANTA VILLAVICENCIO          ;0 ;0 ;0 ;0 ;0 ;0 ;0 ;0 ;0 ;0 
MP0000076;MANNI-PLEX CER IBC;02;PLANTA VILLAVICENCIO          ;0 ;0 ;0 ;0 ;0 ;0 ;0 ;0 ;0 ;0 
MP0000077;SK30 IBC;02;PLANTA VILLAVICENCIO          ;0 ;0 ;0 ;0 ;0 ;0 ;0 ;0 ;0 ;0 
MP0000078;SALUT IBC;02;PLANTA VILLAVICENCIO          ;0 ;0 ;0 ;0 ;0 ;0 ;0 ;0 ;0 ;0 
MP0000079;INTACTO IBC;02;PLANTA VILLAVICENCIO          ;0 ;0 ;0 ;0 ;0 ;0 ;0 ;0 ;0 ;0 
MP0000080;SILIZEO;02;PLANTA VILLAVICENCIO          ;0 ;0 ;0 ;0 ;0 ;0 ;0 ;0 ;0 ;0 
MP0000081;HIDROXIDO DE CALCIO;02;PLANTA VILLAVICENCIO          ;7483 ;0 ;0 ;7483 ;4888588 ;0 ;0 ;4888588 ;653 ;0 
MP0000082;SILICATO DE MAGNESIO 3/4;02;PLANTA VILLAVICENCIO          ;0 ;0 ;0 ;0 ;0 ;0 ;0 ;0 ;0 ;0 
MP0000083;FOSQUIMINT VEINTE-8 GRANULADO;02;PLANTA VILLAVICENCIO          ;0 ;0 ;0 ;0 ;0 ;0 ;0 ;0 ;0 ;0 
MP0000084;ACTIVO IBC;02;PLANTA VILLAVICENCIO          ;0 ;0 ;0 ;0 ;0 ;0 ;0 ;0 ;0 ;0 
MP0000085;MATRIZ G IBC;02;PLANTA VILLAVICENCIO          ;0 ;0 ;0 ;0 ;0 ;0 ;0 ;0 ;0 ;0 
MP0000086;MATRIZ D IBC;02;PLANTA VILLAVICENCIO          ;0 ;0 ;0 ;0 ;0 ;0 ;0 ;0 ;0 ;0 
MP0000087;YESO AGRICOLA;02;PLANTA VILLAVICENCIO          ;0 ;0 ;0 ;0 ;0 ;0 ;0 ;0 ;345 ;0 
MP0000088;DOLOMITA MOLIDA ( CISTERNA );02;PLANTA VILLAVICENCIO          ;0 ;0 ;0 ;0 ;0 ;0 ;0 ;0 ;0 ;0 
MP0000089;SULFASIL GRANULADO;02;PLANTA VILLAVICENCIO          ;0 ;0 ;0 ;0 ;0 ;0 ;0 ;0 ;0 ;0 
MP0000090;DOLOMITA CALCINADA;02;PLANTA VILLAVICENCIO          ;51129 ;0 ;0 ;51129 ;26433693 ;0 ;0 ;26433693 ;517 ;0 
MP0000091;ABONO PAZ DEL RIO;02;PLANTA VILLAVICENCIO          ;34955 ;0 ;0 ;34955 ;30480760 ;0 ;0 ;30480760 ;872 ;0 
MP0000092;SULFATO DE POTASIO;02;PLANTA VILLAVICENCIO          ;0 ;0 ;0 ;0 ;0 ;0 ;0 ;0 ;0 ;0 
MP0000093;DIATOMEA;02;PLANTA VILLAVICENCIO          ;0 ;0 ;0 ;0 ;0 ;0 ;0 ;0 ;0 ;0 
MP0000094;SULFATO DE MAGNESIO AGRICOLA PEP;02;PLANTA VILLAVICENCIO          ;0 ;0 ;0 ;0 ;0 ;0 ;0 ;0 ;0 ;0 
MP0000095;DIATOMEA;02;PLANTA VILLAVICENCIO          ;0 ;0 ;0 ;0 ;0 ;0 ;0 ;0 ;0 ;0 
MP0000096;OXIDO DE MAGNESIO;02;PLANTA VILLAVICENCIO          ;1774 ;0 ;0 ;1774 ;3879240 ;0 ;0 ;3879240 ;2187 ;0 
MP0000097;ROCA FOSFORICA DEL 24% EN EMPAQUE 1ra;02;PLANTA VILLAVICENCIO          ;122800 ;0 ;0 ;122800 ;61400000 ;0 ;0 ;61400000 ;500 ;0 
MP0000098;HIDROXIDO DE CALCIO x 25 KG (CALTEK);02;PLANTA VILLAVICENCIO          ;0 ;0 ;0 ;0 ;0 ;0 ;0 ;0 ;1 ;0 
MP0000099;DOLOMITA CALCINADA;02;PLANTA VILLAVICENCIO          ;0 ;0 ;0 ;0 ;0 ;0 ;0 ;0 ;517 ;0 
MP0000100;BORO GRANULADO;02;PLANTA VILLAVICENCIO          ;0 ;0 ;0 ;0 ;0 ;0 ;0 ;0 ;0 ;0 
MP0000101;ABONO ORGANICO;02;PLANTA VILLAVICENCIO          ;0 ;0 ;0 ;0 ;0 ;0 ;0 ;0 ;300 ;0 
MP0000102;CALFOS GRANULADO;02;PLANTA VILLAVICENCIO          ;0 ;0 ;0 ;0 ;0 ;0 ;0 ;0 ;0 ;0 
MP0000103;ROCA FOSFORICA DEL 22%  EN EMPAQUE 1ra;02;PLANTA VILLAVICENCIO          ;0 ;0 ;0 ;0 ;0 ;0 ;0 ;0 ;359 ;0 
MP0000104;SULFATO DE MAGNESIO AGRICOLA GR;02;PLANTA VILLAVICENCIO          ;0 ;0 ;0 ;0 ;0 ;0 ;0 ;0 ;0 ;0 
MP0000105;SILICATO DE MAGNESIO POLVO (MALLA 140);02;PLANTA VILLAVICENCIO          ;0 ;0 ;0 ;0 ;0 ;0 ;0 ;0 ;0 ;0 
MP0000106;MANNI-PLEX B-MOLY IBC;02;PLANTA VILLAVICENCIO          ;0 ;0 ;0 ;0 ;0 ;0 ;0 ;0 ;0 ;0 
MP0000107;MANNI-PLEX MN IBC;02;PLANTA VILLAVICENCIO          ;0 ;0 ;0 ;0 ;0 ;0 ;0 ;0 ;0 ;0 
MP0000108;SMART TRIO IBC;02;PLANTA VILLAVICENCIO          ;0 ;0 ;0 ;0 ;0 ;0 ;0 ;0 ;0 ;0 
MP0000109;MANNI-PLEX CAL-B IBC;02;PLANTA VILLAVICENCIO          ;0 ;0 ;0 ;0 ;0 ;0 ;0 ;0 ;0 ;0 
MP0000110;MANNI-PLEX FE IBC;02;PLANTA VILLAVICENCIO          ;0 ;0 ;0 ;0 ;0 ;0 ;0 ;0 ;0 ;0 
MP0000111;SMART CU IBC;02;PLANTA VILLAVICENCIO          ;0 ;0 ;0 ;0 ;0 ;0 ;0 ;0 ;0 ;0 
MP0000112;SMART ZN IBC;02;PLANTA VILLAVICENCIO          ;0 ;0 ;0 ;0 ;0 ;0 ;0 ;0 ;0 ;0 
MP0000113;DOLOMITA MOLIDA;02;PLANTA VILLAVICENCIO          ;0 ;0 ;0 ;0 ;0 ;0 ;0 ;0 ;89 ;0 
MP0000114;CALFOS ESTANDAR (POLVO);02;PLANTA VILLAVICENCIO          ;0 ;0 ;0 ;0 ;0 ;0 ;0 ;0 ;0 ;0 
MP0000115;ROCA FOSFORICA DEL 28% EN RAJON;02;PLANTA VILLAVICENCIO          ;0 ;0 ;0 ;0 ;0 ;0 ;0 ;0 ;0 ;0 
MP0000116;OXIDO DE CALCIO;02;PLANTA VILLAVICENCIO          ;0 ;0 ;0 ;0 ;0 ;0 ;0 ;0 ;0 ;0 
MP0000161;SULFATO DE ZINC 22%;02;PLANTA VILLAVICENCIO          ;6250 ;0 ;0 ;6250 ;28021250 ;0 ;0 ;28021250 ;4483 ;0 
PT0000001;DOLOMITA 70-25;02;PLANTA VILLAVICENCIO          ;0 ;0 ;0 ;0 ;0 ;0 ;0 ;0 ;296 ;0 
PT0000002;DOLOMITA 57-33;02;PLANTA VILLAVICENCIO          ;0 ;0 ;0 ;0 ;0 ;0 ;0 ;0 ;264 ;0 
PT0000003;MAGNESIANA PARA ENMIENDA 70-30;02;PLANTA VILLAVICENCIO          ;0 ;0 ;0 ;0 ;0 ;0 ;0 ;0 ;0 ;0 
PT0000004;MAGNESIANA PARA ENMIENDA 57-33;02;PLANTA VILLAVICENCIO          ;0 ;0 ;0 ;0 ;0 ;0 ;0 ;0 ;0 ;0 
PT0000006;CALIZA PARA ENMIENDA;02;PLANTA VILLAVICENCIO          ;0 ;0 ;0 ;0 ;0 ;0 ;0 ;0 ;92 ;0 
PT0000007;C-Y 70-30;02;PLANTA VILLAVICENCIO          ;0 ;0 ;0 ;0 ;0 ;0 ;0 ;0 ;0 ;0 
PT0000008;ENMIENDA TRIPLE 30 producto orgánico;02;PLANTA VILLAVICENCIO          ;152400 ;0 ;0 ;152400 ;51604164 ;0 ;0 ;51604164 ;339 ;0 
PT0000009;ENMIENDA TRIPLE 30 MENORES;02;PLANTA VILLAVICENCIO          ;0 ;0 ;0 ;0 ;0 ;0 ;0 ;0 ;0 ;0 
PT0000010;FERTINÚCLEO VERDE;02;PLANTA VILLAVICENCIO          ;0 ;0 ;0 ;0 ;0 ;0 ;0 ;0 ;0 ;0 
PT0000012;FERTIENMIENDA MAG-XI-YESO;02;PLANTA VILLAVICENCIO          ;0 ;0 ;0 ;0 ;0 ;0 ;0 ;0 ;380 ;0 
PT0000014;FERTIENMIENDA VERDE;02;PLANTA VILLAVICENCIO          ;0 ;0 ;0 ;0 ;0 ;0 ;0 ;0 ;1 ;0 
PT0000025;FERTINUCLEO F Y F;02;PLANTA VILLAVICENCIO          ;0 ;0 ;0 ;0 ;0 ;0 ;0 ;0 ;0 ;0 
PT0000033;FERTIORGÁNICO BOSPLANT;02;PLANTA VILLAVICENCIO          ;0 ;0 ;0 ;0 ;0 ;0 ;0 ;0 ;1 ;0 
PT0000034;FOSFORITA 26;02;PLANTA VILLAVICENCIO          ;0 ;0 ;0 ;0 ;0 ;0 ;0 ;0 ;1 ;0 
PT0000035;FOSFORO SOLUBLE P-10 PEP;02;PLANTA VILLAVICENCIO          ;9465 ;0 ;0 ;9465 ;9986900 ;0 ;0 ;9986900 ;1055 ;0 
PT0000036;FOSFORO SOLUBLE P-10 GRANULADO;02;PLANTA VILLAVICENCIO          ;0 ;0 ;0 ;0 ;0 ;0 ;0 ;0 ;1070 ;0 
PT0000039;CAL DE BLANQUEAR X10 kG CALRIO;02;PLANTA VILLAVICENCIO          ;0 ;0 ;0 ;0 ;0 ;0 ;0 ;0 ;0 ;0 
PT0000040;MAG-SAM 28-0-0-3 (S);02;PLANTA VILLAVICENCIO          ;0 ;0 ;0 ;0 ;0 ;0 ;0 ;0 ;257 ;0 
PT0000041;OXIDO DE MAGNESIO 45;02;PLANTA VILLAVICENCIO          ;0 ;0 ;0 ;0 ;0 ;0 ;0 ;0 ;850 ;0 
PT0000042;FOS-FO-YE-SO;02;PLANTA VILLAVICENCIO          ;0 ;0 ;0 ;0 ;0 ;0 ;0 ;0 ;0 ;0 
PT0000043;FOS-MA-CAL ® LLANERO;02;PLANTA VILLAVICENCIO          ;100 ;0 ;0 ;100 ;46622 ;0 ;0 ;46622 ;466 ;0 
PT0000044;KIE-SUL-MAG K GRANULADO;02;PLANTA VILLAVICENCIO          ;0 ;0 ;0 ;0 ;0 ;0 ;0 ;0 ;0 ;0 
PT0000046;OXIDOL;02;PLANTA VILLAVICENCIO          ;0 ;0 ;0 ;0 ;0 ;0 ;0 ;0 ;19 ;0 
PT0000051;ROFOACID PEP;02;PLANTA VILLAVICENCIO          ;0 ;0 ;0 ;0 ;0 ;0 ;0 ;0 ;0 ;0 
PT0000052;SILI-CAL-MAG;02;PLANTA VILLAVICENCIO          ;0 ;0 ;0 ;0 ;0 ;0 ;0 ;0 ;368 ;0 
PT0000053;SILI-CAL-MAG PEP;02;PLANTA VILLAVICENCIO          ;0 ;0 ;0 ;0 ;0 ;0 ;0 ;0 ;0 ;0 
PT0000054;SILI-CAL-MAG GRANULADO;02;PLANTA VILLAVICENCIO          ;820 ;0 ;0 ;820 ;615000 ;0 ;0 ;615000 ;750 ;0 
PT0000056;SILIMAG 30-30 producto orgánico;02;PLANTA VILLAVICENCIO          ;0 ;10000 ;0 ;0 ;0 ;10000 ;0 ;0 ;1 ;1 
PT0000056;SILIMAG 30-30 producto orgánico;02;PLANTA VILLAVICENCIO          ;0 ;10000 ;0 ;10000 ;0 ;10000 ;0 ;10000 ;1 ;0 
PT0000057;SILIMAG 30-30 PEP;02;PLANTA VILLAVICENCIO          ;0 ;0 ;0 ;0 ;0 ;0 ;0 ;0 ;0 ;0 
PT0000058;SILIMAG 30-30 GRANULADO;02;PLANTA VILLAVICENCIO          ;10000 ;0 ;0 ;10000 ;4574100 ;0 ;0 ;4574100 ;457 ;0 
PT0000063;SULFATO DE MAGNESIO AGRÍCOLA PEP;02;PLANTA VILLAVICENCIO          ;9942 ;0 ;0 ;9942 ;6641256 ;0 ;0 ;6641256 ;668 ;0 
PT0000068;SULMAGSIL GRANULADO;02;PLANTA VILLAVICENCIO          ;5100 ;0 ;0 ;5100 ;4691286 ;0 ;0 ;4691286 ;920 ;0 
PT0000069;TERMOFOSFATO T-FOS;02;PLANTA VILLAVICENCIO          ;0 ;0 ;0 ;0 ;0 ;0 ;0 ;0 ;1 ;0 
PT0000070;TERMOFOSFATO T-FOS PEP;02;PLANTA VILLAVICENCIO          ;0 ;0 ;0 ;0 ;0 ;0 ;0 ;0 ;0 ;0 
PT0000071;TERMOFOSFATO T-FOS GRANULADO;02;PLANTA VILLAVICENCIO          ;3350 ;0 ;0 ;3350 ;3423600 ;0 ;0 ;3423600 ;1022 ;0 
PT0000073;YESO AGRÍCOLA producto orgánico;02;PLANTA VILLAVICENCIO          ;62350 ;0 ;0 ;62350 ;23492233 ;0 ;0 ;23492233 ;377 ;0 
PT0000074;YESO AGRÍCOLA PEP;02;PLANTA VILLAVICENCIO          ;0 ;0 ;23000 ;0 ;0 ;0 ;8665940 ;0 ;377 ;377 
PT0000074;YESO AGRÍCOLA PEP;02;PLANTA VILLAVICENCIO          ;0 ;0 ;23800 ;0 ;0 ;0 ;8967364 ;0 ;377 ;377 
PT0000074;YESO AGRÍCOLA PEP;02;PLANTA VILLAVICENCIO          ;0 ;0 ;35000 ;0 ;0 ;0 ;13187300 ;0 ;377 ;377 
PT0000074;YESO AGRÍCOLA PEP;02;PLANTA VILLAVICENCIO          ;0 ;0 ;19200 ;0 ;0 ;0 ;7234176 ;0 ;377 ;377 
PT0000074;YESO AGRÍCOLA PEP;02;PLANTA VILLAVICENCIO          ;0 ;0 ;6000 ;0 ;0 ;0 ;2260680 ;0 ;377 ;377 
PT0000074;YESO AGRÍCOLA PEP;02;PLANTA VILLAVICENCIO          ;117350 ;0 ;107000 ;10350 ;44215133 ;0 ;40315460 ;3899673 ;377 ;0 
PT0000075;YESO AGRÍCOLA GRANULADO;02;PLANTA VILLAVICENCIO          ;15000 ;0 ;0 ;15000 ;10965000 ;0 ;0 ;10965000 ;731 ;0 
PT0000082;MEZCLA NÚCLEO 1;02;PLANTA VILLAVICENCIO          ;0 ;0 ;0 ;0 ;0 ;0 ;0 ;0 ;1020 ;0 
PT0000083;MEZCLA NÚCLEO 2;02;PLANTA VILLAVICENCIO          ;0 ;0 ;0 ;0 ;0 ;0 ;0 ;0 ;0 ;0 
PT0000084;MEZCLA NÚCLEO 3;02;PLANTA VILLAVICENCIO          ;0 ;0 ;0 ;0 ;0 ;0 ;0 ;0 ;1050 ;0 
PT0000085;MEZCLA NÚCLEO 4;02;PLANTA VILLAVICENCIO          ;150 ;0 ;0 ;150 ;172500 ;0 ;0 ;172500 ;1150 ;0 
PT0000086;MEZCLA CONVENTOS #2;02;PLANTA VILLAVICENCIO          ;0 ;0 ;0 ;0 ;0 ;0 ;0 ;0 ;0 ;0 
PT0000096;SILICATO DE MAGNESIO PEP;02;PLANTA VILLAVICENCIO          ;0 ;11000 ;0 ;0 ;0 ;3439260 ;0 ;0 ;313 ;313 
PT0000096;SILICATO DE MAGNESIO PEP;02;PLANTA VILLAVICENCIO          ;0 ;18000 ;0 ;0 ;0 ;5627880 ;0 ;0 ;313 ;313 
PT0000096;SILICATO DE MAGNESIO PEP;02;PLANTA VILLAVICENCIO          ;0 ;0 ;1000 ;0 ;0 ;0 ;312660 ;0 ;313 ;313 
PT0000096;SILICATO DE MAGNESIO PEP;02;PLANTA VILLAVICENCIO          ;0 ;0 ;41825 ;0 ;0 ;0 ;13077005 ;0 ;313 ;313 
PT0000096;SILICATO DE MAGNESIO PEP;02;PLANTA VILLAVICENCIO          ;0 ;0 ;2175 ;0 ;0 ;0 ;680036 ;0 ;313 ;313 
PT0000096;SILICATO DE MAGNESIO PEP;02;PLANTA VILLAVICENCIO          ;48000 ;29000 ;45000 ;32000 ;15007680 ;9067140 ;14069700 ;10005120 ;313 ;0 
PT0000104;FERTIENMIENDA BORO ZINC + COBRE PEP;02;PLANTA VILLAVICENCIO          ;0 ;0 ;0 ;0 ;0 ;0 ;0 ;0 ;0 ;0 
PT0000105;MEZCLA FRANCISCO VARGAS;02;PLANTA VILLAVICENCIO          ;0 ;0 ;0 ;0 ;0 ;0 ;0 ;0 ;0 ;0 
PT0000119;MEZCLA SULFORITA GRANULADO;02;PLANTA VILLAVICENCIO          ;0 ;0 ;0 ;0 ;0 ;0 ;0 ;0 ;0 ;0 
PT0000121;HIDROMAG;02;PLANTA VILLAVICENCIO          ;0 ;0 ;0 ;0 ;0 ;0 ;0 ;0 ;601 ;0 
PT0000122;SULFOCALMAG NF PEP;02;PLANTA VILLAVICENCIO          ;114 ;0 ;0 ;114 ;75240 ;0 ;0 ;75240 ;660 ;0 
PT0000123;SULFOCALMAG NF GRANULADO;02;PLANTA VILLAVICENCIO          ;0 ;0 ;0 ;0 ;0 ;0 ;0 ;0 ;2 ;0 
PT0000126;SULFORITA GRANULADO;02;PLANTA VILLAVICENCIO          ;0 ;0 ;0 ;0 ;0 ;0 ;0 ;0 ;12 ;0 
PT0000127;MANNI-PLEX N-BORON X 1 L;02;PLANTA VILLAVICENCIO          ;0 ;0 ;0 ;0 ;0 ;0 ;0 ;0 ;15885 ;0 
PT0000128;MEZCLA CH;02;PLANTA VILLAVICENCIO          ;0 ;0 ;0 ;0 ;0 ;0 ;0 ;0 ;0 ;0 
PT0000129;MEZCLA MAYORGA #2;02;PLANTA VILLAVICENCIO          ;0 ;0 ;0 ;0 ;0 ;0 ;0 ;0 ;340 ;0 
PT0000130;MEZCLA 60 40;02;PLANTA VILLAVICENCIO          ;0 ;0 ;0 ;0 ;0 ;0 ;0 ;0 ;0 ;0 
PT0000131;CALIZA BIG-BAG;02;PLANTA VILLAVICENCIO          ;0 ;0 ;0 ;0 ;0 ;0 ;0 ;0 ;0 ;0 
PT0000132;DOLOMITA BIG-BAG OMYA;02;PLANTA VILLAVICENCIO          ;0 ;0 ;0 ;0 ;0 ;0 ;0 ;0 ;0 ;0 
PT0000133;MEZCLA CALIZA+BORO+ZINC;02;PLANTA VILLAVICENCIO          ;0 ;0 ;0 ;0 ;0 ;0 ;0 ;0 ;0 ;0 
PT0000135;MANNI-PLEX FOLI-CAL X 10 L;02;PLANTA VILLAVICENCIO          ;0 ;0 ;0 ;0 ;0 ;0 ;0 ;0 ;1 ;0 
PT0000136;MANNI-PLEX FOLI-CAL X 4 L;02;PLANTA VILLAVICENCIO          ;0 ;0 ;0 ;0 ;0 ;0 ;0 ;0 ;1 ;0 
PT0000137;MANNI-PLEX CER X 1 L;02;PLANTA VILLAVICENCIO          ;0 ;0 ;0 ;0 ;0 ;0 ;0 ;0 ;6834 ;0 
PT0000138;MANNI-PLEX HORT X 1L;02;PLANTA VILLAVICENCIO          ;0 ;0 ;0 ;0 ;0 ;0 ;0 ;0 ;219200 ;0 
PT0000139;MANNI-PLEX K X 1L;02;PLANTA VILLAVICENCIO          ;0 ;0 ;0 ;0 ;0 ;0 ;0 ;0 ;14609 ;0 
PT0000140;MANNI-PLEX K X 10 L;02;PLANTA VILLAVICENCIO          ;0 ;0 ;0 ;0 ;0 ;0 ;0 ;0 ;1 ;0 
PT0000141;MANNI-PLEX K X 4 L;02;PLANTA VILLAVICENCIO          ;0 ;0 ;0 ;0 ;0 ;0 ;0 ;0 ;1 ;0 
PT0000143;MANNI-PLEX MG X 1 L;02;PLANTA VILLAVICENCIO          ;0 ;0 ;0 ;0 ;0 ;0 ;0 ;0 ;15391 ;0 
PT0000144;MANNI-PLEX ZN X 1 L;02;PLANTA VILLAVICENCIO          ;0 ;0 ;0 ;0 ;0 ;0 ;0 ;0 ;15829 ;0 
PT0000145;MANNI-PLEX ZN X 10 L;02;PLANTA VILLAVICENCIO          ;0 ;0 ;0 ;0 ;0 ;0 ;0 ;0 ;66163 ;0 
PT0000146;MANNI-PLEX ZN X 4 L;02;PLANTA VILLAVICENCIO          ;0 ;0 ;0 ;0 ;0 ;0 ;0 ;0 ;1 ;0 
PT0000147;MANNI-PLEX N-BORON X 10 L;02;PLANTA VILLAVICENCIO          ;0 ;0 ;0 ;0 ;0 ;0 ;0 ;0 ;0 ;0 
PT0000148;MANNI-PLEX N-BORON X 4 L;02;PLANTA VILLAVICENCIO          ;0 ;0 ;0 ;0 ;0 ;0 ;0 ;0 ;19403 ;0 
PT0000156;MEZCLA DOLOMITA-YESO 60:40;02;PLANTA VILLAVICENCIO          ;0 ;0 ;0 ;0 ;0 ;0 ;0 ;0 ;0 ;0 
PT0000159;MEZCLA 30-10-10;02;PLANTA VILLAVICENCIO          ;0 ;0 ;0 ;0 ;0 ;0 ;0 ;0 ;0 ;0 
PT0000160;MEZCLA HG;02;PLANTA VILLAVICENCIO          ;0 ;0 ;0 ;0 ;0 ;0 ;0 ;0 ;0 ;0 
PT0000164;MEZCLA BRASIL;02;PLANTA VILLAVICENCIO          ;0 ;0 ;0 ;0 ;0 ;0 ;0 ;0 ;1 ;0 
PT0000165;MEZCLA LA PAZ MENORES;02;PLANTA VILLAVICENCIO          ;0 ;0 ;0 ;0 ;0 ;0 ;0 ;0 ;1 ;0 
PT0000169;MEZCLA C-Y 30-70;02;PLANTA VILLAVICENCIO          ;0 ;0 ;0 ;0 ;0 ;0 ;0 ;0 ;0 ;0 
PT0000170;MEZCLA R2;02;PLANTA VILLAVICENCIO          ;0 ;0 ;0 ;0 ;0 ;0 ;0 ;0 ;1 ;0 
PT0000171;POLIHALITA;02;PLANTA VILLAVICENCIO          ;0 ;0 ;0 ;0 ;0 ;0 ;0 ;0 ;1 ;0 
PT0000173;MEZCLA S;02;PLANTA VILLAVICENCIO          ;0 ;0 ;0 ;0 ;0 ;0 ;0 ;0 ;1 ;0 
PT0000174;MEZCLA Y;02;PLANTA VILLAVICENCIO          ;0 ;0 ;0 ;0 ;0 ;0 ;0 ;0 ;1 ;0 
PT0000175;MEZCLA LOS NUDOS;02;PLANTA VILLAVICENCIO          ;0 ;0 ;0 ;0 ;0 ;0 ;0 ;0 ;0 ;0 
PT0000176;MEZCLA TITO;02;PLANTA VILLAVICENCIO          ;0 ;0 ;0 ;0 ;0 ;0 ;0 ;0 ;1 ;0 
PT0000181;OXIDO DE MAGNESIO 90;02;PLANTA VILLAVICENCIO          ;0 ;0 ;0 ;0 ;0 ;0 ;0 ;0 ;1 ;0 
PT0000182;MEZCLA CLAUDIA NAVARRO;02;PLANTA VILLAVICENCIO          ;0 ;0 ;0 ;0 ;0 ;0 ;0 ;0 ;0 ;0 
PT0000183;MEZCLA P.V;02;PLANTA VILLAVICENCIO          ;0 ;0 ;0 ;0 ;0 ;0 ;0 ;0 ;1 ;0 
PT0000184;FICOSILIC SHR;02;PLANTA VILLAVICENCIO          ;2800 ;0 ;0 ;2800 ;663600 ;0 ;0 ;663600 ;237 ;0 
PT0000193;MANNI- PLEX FOLI-CAL X 1 L;02;PLANTA VILLAVICENCIO          ;0 ;0 ;0 ;0 ;0 ;0 ;0 ;0 ;14629 ;0 
PT0000203;MEZCLA LLANERO;02;PLANTA VILLAVICENCIO          ;0 ;0 ;0 ;0 ;0 ;0 ;0 ;0 ;0 ;0 
PT0000204;MEZCLA KENAI;02;PLANTA VILLAVICENCIO          ;0 ;0 ;0 ;0 ;0 ;0 ;0 ;0 ;0 ;0 
PT0000210;MEZCLA C;02;PLANTA VILLAVICENCIO          ;0 ;0 ;0 ;0 ;0 ;0 ;0 ;0 ;0 ;0 
PT0000228;MEZCLA Y+SM;02;PLANTA VILLAVICENCIO          ;0 ;0 ;0 ;0 ;0 ;0 ;0 ;0 ;0 ;0 
PT0000241;MEZCLA 30-15-35-20 PEP;02;PLANTA VILLAVICENCIO          ;0 ;0 ;0 ;0 ;0 ;0 ;0 ;0 ;0 ;0 
PT0000242;MEZCLA 30-15-35-20 GRANULADO;02;PLANTA VILLAVICENCIO          ;0 ;0 ;0 ;0 ;0 ;0 ;0 ;0 ;0 ;0 
PT0000245;MEZCLA 1/20 LIMONES;02;PLANTA VILLAVICENCIO          ;0 ;0 ;0 ;0 ;0 ;0 ;0 ;0 ;0 ;0 
PT0000246;MEZCLA 2/20 NARANJA;02;PLANTA VILLAVICENCIO          ;0 ;0 ;0 ;0 ;0 ;0 ;0 ;0 ;0 ;0 
PT0000253;ENMIENDA #1;02;PLANTA VILLAVICENCIO          ;0 ;0 ;0 ;0 ;0 ;0 ;0 ;0 ;0 ;0 
PT0000256;MEZCLA B;02;PLANTA VILLAVICENCIO          ;0 ;0 ;0 ;0 ;0 ;0 ;0 ;0 ;0 ;0 
PT0000257;MEZCLA 2:1;02;PLANTA VILLAVICENCIO          ;0 ;0 ;0 ;0 ;0 ;0 ;0 ;0 ;0 ;0 
PT0000261;SILICATO CA PEP;02;PLANTA VILLAVICENCIO          ;0 ;0 ;0 ;0 ;0 ;0 ;0 ;0 ;371 ;0 
PT0000264;MEZCLA ARROZ POLVO;02;PLANTA VILLAVICENCIO          ;1000 ;0 ;0 ;1000 ;595000 ;0 ;0 ;595000 ;595 ;0 
PT0000273;SULMAGSIL;02;PLANTA VILLAVICENCIO          ;0 ;0 ;0 ;0 ;0 ;0 ;0 ;0 ;0 ;0 
PT0000275;MEZCLA A.G;02;PLANTA VILLAVICENCIO          ;0 ;0 ;0 ;0 ;0 ;0 ;0 ;0 ;1 ;0 
PT0000289;MEZCLA LA ILUSION;02;PLANTA VILLAVICENCIO          ;0 ;0 ;0 ;0 ;0 ;0 ;0 ;0 ;0 ;0 
PT0000290;MEZCLA LA GIRALDA;02;PLANTA VILLAVICENCIO          ;0 ;0 ;0 ;0 ;0 ;0 ;0 ;0 ;0 ;0 
PT0000291;MEZCLA 30 - 30;02;PLANTA VILLAVICENCIO          ;0 ;0 ;0 ;0 ;0 ;0 ;0 ;0 ;0 ;0 
PT0000292;MEZCLA 30 40 30;02;PLANTA VILLAVICENCIO          ;0 ;0 ;0 ;0 ;0 ;0 ;0 ;0 ;0 ;0 
PT0000294;MEZCLA ECOLOGIC;02;PLANTA VILLAVICENCIO          ;0 ;0 ;0 ;0 ;0 ;0 ;0 ;0 ;0 ;0 
PT0000298;MEZCLA D.Y;02;PLANTA VILLAVICENCIO          ;0 ;0 ;0 ;0 ;0 ;0 ;0 ;0 ;1 ;0 
PT0000299;MEZCLA GUAMITOS;02;PLANTA VILLAVICENCIO          ;0 ;0 ;0 ;0 ;0 ;0 ;0 ;0 ;0 ;0 
PT0000301;MEZCLA SILIYESO 50-50;02;PLANTA VILLAVICENCIO          ;0 ;0 ;0 ;0 ;0 ;0 ;0 ;0 ;0 ;0 
PT0000313;FERTIENMIENDA 40 -30-30;02;PLANTA VILLAVICENCIO          ;0 ;0 ;0 ;0 ;0 ;0 ;0 ;0 ;10 ;0 
PT0000327;SULFOCALMAG POLVO;02;PLANTA VILLAVICENCIO          ;0 ;0 ;0 ;0 ;0 ;0 ;0 ;0 ;0 ;0 
PT0000331;MANNI-PLEX FOLI-CAL X 20 L;02;PLANTA VILLAVICENCIO          ;0 ;0 ;0 ;0 ;0 ;0 ;0 ;0 ;0 ;0 
PT0000332;MANNI-PLEX ZN X 20 L;02;PLANTA VILLAVICENCIO          ;0 ;0 ;0 ;0 ;0 ;0 ;0 ;0 ;0 ;0 
PT0000333;MANNI-PLEX N-BORON X 20 L;02;PLANTA VILLAVICENCIO          ;0 ;0 ;0 ;0 ;0 ;0 ;0 ;0 ;0 ;0 
PT0000334;MANNI-PLEX MG X 20 L;02;PLANTA VILLAVICENCIO          ;0 ;0 ;0 ;0 ;0 ;0 ;0 ;0 ;0 ;0 
PT0000335;MEZCLA PALMA;02;PLANTA VILLAVICENCIO          ;0 ;0 ;0 ;0 ;0 ;0 ;0 ;0 ;275 ;0 
PT0000337;FERTIENMIENDA RENACER;02;PLANTA VILLAVICENCIO          ;0 ;0 ;0 ;0 ;0 ;0 ;0 ;0 ;0 ;0 
PT0000342;MEZCLA  STA CECILIA;02;PLANTA VILLAVICENCIO          ;0 ;0 ;0 ;0 ;0 ;0 ;0 ;0 ;0 ;0 
PT0000345;MEZCLA VILLA;02;PLANTA VILLAVICENCIO          ;0 ;0 ;0 ;0 ;0 ;0 ;0 ;0 ;0 ;0 
PT0000349;MEZCLA Y+S;02;PLANTA VILLAVICENCIO          ;50 ;0 ;0 ;50 ;20400 ;0 ;0 ;20400 ;408 ;0 
PT0000353;MANNI-PLEX K X 5 L;02;PLANTA VILLAVICENCIO          ;0 ;0 ;0 ;0 ;0 ;0 ;0 ;0 ;0 ;0 
PT0000355;MANNI-PLEX CER X 5 L;02;PLANTA VILLAVICENCIO          ;0 ;0 ;0 ;0 ;0 ;0 ;0 ;0 ;1 ;0 
PT0000357;MANNI-PLEX LEGU X 5 L;02;PLANTA VILLAVICENCIO          ;0 ;0 ;0 ;0 ;0 ;0 ;0 ;0 ;0 ;0 
PT0000359;MANNI-PLEX CER X 10 L;02;PLANTA VILLAVICENCIO          ;0 ;0 ;0 ;0 ;0 ;0 ;0 ;0 ;1 ;0 
PT0000360;MANNI-PLEX HORT X 10L;02;PLANTA VILLAVICENCIO          ;0 ;0 ;0 ;0 ;0 ;0 ;0 ;0 ;2 ;0 
PT0000362;MANNI-PLEX K X 20 L;02;PLANTA VILLAVICENCIO          ;0 ;0 ;0 ;0 ;0 ;0 ;0 ;0 ;1 ;0 
PT0000363;MEZCLA P;02;PLANTA VILLAVICENCIO          ;50 ;0 ;0 ;50 ;12250 ;0 ;0 ;12250 ;245 ;0 
PT0000368;MEZCLA HARTON;02;PLANTA VILLAVICENCIO          ;0 ;0 ;0 ;0 ;0 ;0 ;0 ;0 ;0 ;0 
PT0000372;MEZCLA PASTOS;02;PLANTA VILLAVICENCIO          ;0 ;0 ;0 ;0 ;0 ;0 ;0 ;0 ;1 ;0 
PT0000373;FERTIENMIENDA LA CASCADA;02;PLANTA VILLAVICENCIO          ;0 ;0 ;0 ;0 ;0 ;0 ;0 ;0 ;0 ;0 
PT0000377;MEZCLA VILLA 2;02;PLANTA VILLAVICENCIO          ;0 ;0 ;0 ;0 ;0 ;0 ;0 ;0 ;0 ;0 
PT0000380;FERTIMENORES BORO ZINC + CU;02;PLANTA VILLAVICENCIO          ;30 ;0 ;0 ;30 ;175200 ;0 ;0 ;175200 ;5840 ;0 
PT0000384;MEZCLA PALMAVISTA;02;PLANTA VILLAVICENCIO          ;0 ;0 ;0 ;0 ;0 ;0 ;0 ;0 ;0 ;0 
PT0000389;FERTIENMIENDA LEONARDO RESTREPO;02;PLANTA VILLAVICENCIO          ;0 ;0 ;0 ;0 ;0 ;0 ;0 ;0 ;1 ;0 
PT0000393;MEZCLA TROCHA;02;PLANTA VILLAVICENCIO          ;0 ;0 ;0 ;0 ;0 ;0 ;0 ;0 ;0 ;0 
PT0000395;MANNI-PLEX N-BORON X 5 L;02;PLANTA VILLAVICENCIO          ;0 ;0 ;0 ;0 ;0 ;0 ;0 ;0 ;1 ;0 
PT0000399;MEZCLA ALGARROBOS;02;PLANTA VILLAVICENCIO          ;0 ;0 ;0 ;0 ;0 ;0 ;0 ;0 ;0 ;0 
PT0000406;CY 60 40 +B + Zn;02;PLANTA VILLAVICENCIO          ;0 ;0 ;0 ;0 ;0 ;0 ;0 ;0 ;0 ;0 
PT0000419;MEZCLA PINA;02;PLANTA VILLAVICENCIO          ;0 ;0 ;0 ;0 ;0 ;0 ;0 ;0 ;1 ;0 
PT0000420;MEZCLA AGUACATE;02;PLANTA VILLAVICENCIO          ;0 ;0 ;0 ;0 ;0 ;0 ;0 ;0 ;0 ;0 
PT0000421;MEZCLA PLATANO;02;PLANTA VILLAVICENCIO          ;0 ;0 ;0 ;0 ;0 ;0 ;0 ;0 ;1 ;0 
PT0000431;MEZCLA SANT Q HASS;02;PLANTA VILLAVICENCIO          ;0 ;0 ;0 ;0 ;0 ;0 ;0 ;0 ;0 ;0 
PT0000435;MEZCLA MANAKAO Nº 1;02;PLANTA VILLAVICENCIO          ;0 ;0 ;0 ;0 ;0 ;0 ;0 ;0 ;0 ;0 
PT0000436;MEZCLA MANAKAO Nº 2;02;PLANTA VILLAVICENCIO          ;0 ;0 ;0 ;0 ;0 ;0 ;0 ;0 ;0 ;0 
PT0000440;MEZCLA MUNDO PALMA;02;PLANTA VILLAVICENCIO          ;0 ;0 ;0 ;0 ;0 ;0 ;0 ;0 ;0 ;0 
PT0000441;MEZCLA SILICATOS;02;PLANTA VILLAVICENCIO          ;0 ;0 ;0 ;0 ;0 ;0 ;0 ;0 ;0 ;0 
PT0000445;FERTIENMIENDA ARROZ GRANULADO;02;PLANTA VILLAVICENCIO          ;5600 ;0 ;0 ;5600 ;3864000 ;0 ;0 ;3864000 ;690 ;0 
PT0000456;FERTIORGANICO TRIPLE 30;02;PLANTA VILLAVICENCIO          ;0 ;0 ;0 ;0 ;0 ;0 ;0 ;0 ;0 ;0 
PT0000463;MEZCLA MANGOSTINOS;02;PLANTA VILLAVICENCIO          ;0 ;0 ;0 ;0 ;0 ;0 ;0 ;0 ;0 ;0 
PT0000468;MEZCLA MILENIO;02;PLANTA VILLAVICENCIO          ;0 ;0 ;0 ;0 ;0 ;0 ;0 ;0 ;1 ;0 
PT0000470;MEZCLA 50-50;02;PLANTA VILLAVICENCIO          ;0 ;0 ;0 ;0 ;0 ;0 ;0 ;0 ;1 ;0 
PT0000471;MEZCLA M;02;PLANTA VILLAVICENCIO          ;0 ;0 ;0 ;0 ;0 ;0 ;0 ;0 ;1 ;0 
PT0000473;MEZCLA BANAFRUT 2020;02;PLANTA VILLAVICENCIO          ;0 ;0 ;0 ;0 ;0 ;0 ;0 ;0 ;0 ;0 
PT0000476;MEZCLA SULFORITA POLVO;02;PLANTA VILLAVICENCIO          ;0 ;0 ;0 ;0 ;0 ;0 ;0 ;0 ;0 ;0 
PT0000477;MEZCLA ARIZA;02;PLANTA VILLAVICENCIO          ;0 ;0 ;0 ;0 ;0 ;0 ;0 ;0 ;0 ;0 
PT0000483;FERTICONTROL INTACTO X 1 LTS;02;PLANTA VILLAVICENCIO          ;4 ;0 ;0 ;4 ;82108 ;0 ;0 ;82108 ;20527 ;0 
PT0000485;FERTICONTROL MATRIZ D X 1 LTS;02;PLANTA VILLAVICENCIO          ;0 ;0 ;0 ;0 ;0 ;0 ;0 ;0 ;0 ;0 
PT0000486;FERTICONTROL MATRIZ G X 5 LTS;02;PLANTA VILLAVICENCIO          ;0 ;0 ;0 ;0 ;0 ;0 ;0 ;0 ;0 ;0 
PT0000487;FERTICONTROL MATRIZ G X 1 LTS;02;PLANTA VILLAVICENCIO          ;1 ;0 ;0 ;1 ;37855 ;0 ;0 ;37855 ;37855 ;0 
PT0000491;FERTICONTROL SALUT X 1 LTS;02;PLANTA VILLAVICENCIO          ;3 ;0 ;0 ;3 ;129740 ;0 ;0 ;129740 ;43247 ;0 
PT0000494;FERTICONTROL SK30 X 1 LTS;02;PLANTA VILLAVICENCIO          ;2 ;0 ;0 ;2 ;56898 ;0 ;0 ;56898 ;28449 ;0 
PT0000496;MEZCLA DL;02;PLANTA VILLAVICENCIO          ;0 ;0 ;0 ;0 ;0 ;0 ;0 ;0 ;0 ;0 
PT0000501;FERTICONTROL PRO UV X 1 LTS;02;PLANTA VILLAVICENCIO          ;2 ;0 ;0 ;2 ;60142 ;0 ;0 ;60142 ;30071 ;0 
PT0000505;OXIDO DE MAGNESIO 45 GRANULADO;02;PLANTA VILLAVICENCIO          ;0 ;0 ;0 ;0 ;0 ;0 ;0 ;0 ;0 ;0 
PT0000506;OXIDOL GRANULADO;02;PLANTA VILLAVICENCIO          ;0 ;0 ;0 ;0 ;0 ;0 ;0 ;0 ;0 ;0 
PT0000509;FERTICONTROL ACTIVO X 1 LTS;02;PLANTA VILLAVICENCIO          ;0 ;0 ;0 ;0 ;0 ;0 ;0 ;0 ;31206 ;0 
PT0000519;MEZCLA MARACANA;02;PLANTA VILLAVICENCIO          ;0 ;0 ;0 ;0 ;0 ;0 ;0 ;0 ;350 ;0 
PT0000521;MAGNESIANA PARA ENMIENDA 57-33 GR PEP;02;PLANTA VILLAVICENCIO          ;0 ;0 ;0 ;0 ;0 ;0 ;0 ;0 ;0 ;0 
PT0000522;MAGNESIANA PARA ENMIENDA 57-33 GR;02;PLANTA VILLAVICENCIO          ;0 ;0 ;0 ;0 ;0 ;0 ;0 ;0 ;0 ;0 
PT0000523;MEZCLA 50-40-10;02;PLANTA VILLAVICENCIO          ;0 ;0 ;0 ;0 ;0 ;0 ;0 ;0 ;0 ;0 
PT0000528;MEZCLA LA GLORIA # 2;02;PLANTA VILLAVICENCIO          ;0 ;0 ;0 ;0 ;0 ;0 ;0 ;0 ;0 ;0 
PT0000530;MEZCLA COLARTEC;02;PLANTA VILLAVICENCIO          ;0 ;0 ;0 ;0 ;0 ;0 ;0 ;0 ;0 ;0 
PT0000531;FERTICONTROL SK30 X 20 LTS;02;PLANTA VILLAVICENCIO          ;10 ;0 ;0 ;10 ;5146260 ;0 ;0 ;5146260 ;514626 ;0 
PT0000532;MEZCLA M.A;02;PLANTA VILLAVICENCIO          ;0 ;0 ;0 ;0 ;0 ;0 ;0 ;0 ;1 ;0 
PT0000538;CALIZA PARA ENMIENDA*;02;PLANTA VILLAVICENCIO          ;0 ;0 ;0 ;0 ;0 ;0 ;0 ;0 ;0 ;0 
PT0000541;MEZCLA  DANIEL RINCON;02;PLANTA VILLAVICENCIO          ;0 ;0 ;0 ;0 ;0 ;0 ;0 ;0 ;1 ;0 
PT0000546;FERTIENMIENDA PALO DE AGUA MENORES;02;PLANTA VILLAVICENCIO          ;0 ;0 ;0 ;0 ;0 ;0 ;0 ;0 ;0 ;0 
PT0000547;MEZCLA ATUNEZ GR;02;PLANTA VILLAVICENCIO          ;0 ;0 ;0 ;0 ;0 ;0 ;0 ;0 ;0 ;0 
PT0000553;MEZCLA PATEVACA;02;PLANTA VILLAVICENCIO          ;0 ;0 ;0 ;0 ;0 ;0 ;0 ;0 ;0 ;0 
PT0000554;MEZCLA VEGON;02;PLANTA VILLAVICENCIO          ;0 ;0 ;0 ;0 ;0 ;0 ;0 ;0 ;0 ;0 
PT0000567;MEZCLA ROMA;02;PLANTA VILLAVICENCIO          ;0 ;0 ;0 ;0 ;0 ;0 ;0 ;0 ;1 ;0 
PT0000574;MEZCLA MAXIMENA # 2;02;PLANTA VILLAVICENCIO          ;0 ;0 ;0 ;0 ;0 ;0 ;0 ;0 ;0 ;0 
PT0000599;MEZCLA EL SONIDO;02;PLANTA VILLAVICENCIO          ;0 ;0 ;0 ;0 ;0 ;0 ;0 ;0 ;0 ;0 
PT0000600;MEZCLA MAGNESICA;02;PLANTA VILLAVICENCIO          ;0 ;0 ;0 ;0 ;0 ;0 ;0 ;0 ;0 ;0 
PT0000621;MEZCLA NARANJAS 2/20;02;PLANTA VILLAVICENCIO          ;0 ;0 ;0 ;0 ;0 ;0 ;0 ;0 ;0 ;0 
PT0000622;FERTICONTROL MATRIZ D X 20 L;02;PLANTA VILLAVICENCIO          ;0 ;0 ;0 ;0 ;0 ;0 ;0 ;0 ;128 ;0 
PT0000628;MEZCLA GUAYURIBA;02;PLANTA VILLAVICENCIO          ;0 ;0 ;0 ;0 ;0 ;0 ;0 ;0 ;0 ;0 
PT0000632;MEZCLA.V.M.2;02;PLANTA VILLAVICENCIO          ;0 ;0 ;0 ;0 ;0 ;0 ;0 ;0 ;0 ;0 
PT0000635;FERTICONTROL ACTIVO X 20 LTS;02;PLANTA VILLAVICENCIO          ;10 ;0 ;0 ;10 ;4936463 ;0 ;0 ;4936463 ;493646 ;0 
PT0000636;MEZCLA 50-30-20;02;PLANTA VILLAVICENCIO          ;0 ;0 ;0 ;0 ;0 ;0 ;0 ;0 ;0 ;0 
PT0000637;MEZCLA SAN FELIPE;02;PLANTA VILLAVICENCIO          ;100 ;0 ;0 ;100 ;22500 ;0 ;0 ;22500 ;225 ;0 
PT0000642;MEZCLA BANAFRUT + MENORES;02;PLANTA VILLAVICENCIO          ;0 ;0 ;0 ;0 ;0 ;0 ;0 ;0 ;0 ;0 
PT0000649;MEZCLA 70-30;02;PLANTA VILLAVICENCIO          ;0 ;0 ;0 ;0 ;0 ;0 ;0 ;0 ;0 ;0 
PT0000666;MEZCLA N.T;02;PLANTA VILLAVICENCIO          ;0 ;0 ;0 ;0 ;0 ;0 ;0 ;0 ;0 ;0 
PT0000667;MEZCLA LLANOS;02;PLANTA VILLAVICENCIO          ;0 ;0 ;0 ;0 ;0 ;0 ;0 ;0 ;0 ;0 
PT0000668;MEZCLA 40-30-30 POLVO;02;PLANTA VILLAVICENCIO          ;0 ;0 ;0 ;0 ;0 ;0 ;0 ;0 ;1 ;0 
PT0000669;MEZCLA ESPECIAL GRANULADA (COT 218);02;PLANTA VILLAVICENCIO          ;0 ;0 ;0 ;0 ;0 ;0 ;0 ;0 ;0 ;0 
PT0000670;MEZCLA SAN MARTIN 3;02;PLANTA VILLAVICENCIO          ;0 ;0 ;0 ;0 ;0 ;0 ;0 ;0 ;1 ;0 
PT0000671;MEZCLA JS;02;PLANTA VILLAVICENCIO          ;0 ;0 ;0 ;0 ;0 ;0 ;0 ;0 ;1 ;0 
PT0000672;MEZCLA GUAYAQUIL;02;PLANTA VILLAVICENCIO          ;0 ;0 ;0 ;0 ;0 ;0 ;0 ;0 ;1 ;0 
PT0000688;MEZCLA SULFOCALMAG GR;02;PLANTA VILLAVICENCIO          ;0 ;0 ;0 ;0 ;0 ;0 ;0 ;0 ;0 ;0 
PT0000699;MEZCLA ESPECIAL GRANULADO;02;PLANTA VILLAVICENCIO          ;0 ;0 ;0 ;0 ;0 ;0 ;0 ;0 ;0 ;0 
PT0000700;MEZCLA ENMIENDA 80-20;02;PLANTA VILLAVICENCIO          ;0 ;0 ;0 ;0 ;0 ;0 ;0 ;0 ;1 ;0 
PT0000706;FERTICONTROL SALUT X 20 LTS;02;PLANTA VILLAVICENCIO          ;10 ;0 ;0 ;10 ;532208 ;0 ;0 ;532208 ;53221 ;0 
PT0000708;FERTICONTROL MATRIZ G X 20 LTS;02;PLANTA VILLAVICENCIO          ;9 ;0 ;0 ;9 ;5962734 ;0 ;0 ;5962734 ;662526 ;0 
PT0000711;FERTIENMIENDA  BUENOS AIRES;02;PLANTA VILLAVICENCIO          ;0 ;0 ;0 ;0 ;0 ;0 ;0 ;0 ;0 ;0 
PT0000712;ENMIENDA PODA;02;PLANTA VILLAVICENCIO          ;0 ;0 ;0 ;0 ;0 ;0 ;0 ;0 ;9 ;0 
PT0000713;MEZCLA JV;02;PLANTA VILLAVICENCIO          ;0 ;0 ;0 ;0 ;0 ;0 ;0 ;0 ;1 ;0 
PT0000714;MEZCLA JARAMA;02;PLANTA VILLAVICENCIO          ;0 ;0 ;0 ;0 ;0 ;0 ;0 ;0 ;0 ;0 
PT0000715;MEZCLA CEDRO;02;PLANTA VILLAVICENCIO          ;0 ;0 ;0 ;0 ;0 ;0 ;0 ;0 ;1 ;0 
PT0000718;MEZCLA SAN MARTIN 4A;02;PLANTA VILLAVICENCIO          ;0 ;0 ;0 ;0 ;0 ;0 ;0 ;0 ;1 ;0 
PT0000722;MEZCLA CB;02;PLANTA VILLAVICENCIO          ;0 ;0 ;0 ;0 ;0 ;0 ;0 ;0 ;0 ;0 
PT0000726;MEZCLA VENTUROSA 1;02;PLANTA VILLAVICENCIO          ;0 ;0 ;0 ;0 ;0 ;0 ;0 ;0 ;0 ;0 
PT0000728;MEZCLA S.I;02;PLANTA VILLAVICENCIO          ;0 ;0 ;0 ;0 ;0 ;0 ;0 ;0 ;0 ;0 
PT0000732;MEZCLA HEVLA ( 0101);02;PLANTA VILLAVICENCIO          ;0 ;0 ;0 ;0 ;0 ;0 ;0 ;0 ;0 ;0 
PT0000733;MEZCLA NARANJALES;02;PLANTA VILLAVICENCIO          ;0 ;0 ;0 ;0 ;0 ;0 ;0 ;0 ;1 ;0 
PT0000740;MEZCLA Y+S # 2;02;PLANTA VILLAVICENCIO          ;0 ;38650 ;0 ;0 ;0 ;38650 ;0 ;0 ;1 ;1 
PT0000740;MEZCLA Y+S # 2;02;PLANTA VILLAVICENCIO          ;0 ;49850 ;0 ;0 ;0 ;49850 ;0 ;0 ;1 ;1 
PT0000740;MEZCLA Y+S # 2;02;PLANTA VILLAVICENCIO          ;0 ;75700 ;0 ;0 ;0 ;75700 ;0 ;0 ;1 ;1 
PT0000740;MEZCLA Y+S # 2;02;PLANTA VILLAVICENCIO          ;0 ;47600 ;0 ;0 ;0 ;47600 ;0 ;0 ;1 ;1 
PT0000740;MEZCLA Y+S # 2;02;PLANTA VILLAVICENCIO          ;0 ;0 ;35000 ;0 ;0 ;0 ;35000 ;0 ;1 ;550 
PT0000740;MEZCLA Y+S # 2;02;PLANTA VILLAVICENCIO          ;0 ;70000 ;0 ;0 ;0 ;70000 ;0 ;0 ;1 ;1 
PT0000740;MEZCLA Y+S # 2;02;PLANTA VILLAVICENCIO          ;0 ;42800 ;0 ;0 ;0 ;42800 ;0 ;0 ;1 ;1 
PT0000740;MEZCLA Y+S # 2;02;PLANTA VILLAVICENCIO          ;0 ;15200 ;0 ;0 ;0 ;15200 ;0 ;0 ;1 ;1 
PT0000740;MEZCLA Y+S # 2;02;PLANTA VILLAVICENCIO          ;0 ;0 ;34000 ;0 ;0 ;0 ;34000 ;0 ;1 ;550 
PT0000740;MEZCLA Y+S # 2;02;PLANTA VILLAVICENCIO          ;0 ;0 ;35000 ;0 ;0 ;0 ;35000 ;0 ;1 ;550 
PT0000740;MEZCLA Y+S # 2;02;PLANTA VILLAVICENCIO          ;0 ;0 ;40000 ;0 ;0 ;0 ;40000 ;0 ;1 ;550 
PT0000740;MEZCLA Y+S # 2;02;PLANTA VILLAVICENCIO          ;0 ;0 ;40000 ;0 ;0 ;0 ;40000 ;0 ;1 ;550 
PT0000740;MEZCLA Y+S # 2;02;PLANTA VILLAVICENCIO          ;0 ;31500 ;0 ;0 ;0 ;31500 ;0 ;0 ;1 ;1 
PT0000740;MEZCLA Y+S # 2;02;PLANTA VILLAVICENCIO          ;0 ;0 ;34000 ;0 ;0 ;0 ;34000 ;0 ;1 ;1 
PT0000740;MEZCLA Y+S # 2;02;PLANTA VILLAVICENCIO          ;0 ;0 ;40000 ;0 ;0 ;0 ;40000 ;0 ;1 ;1 
PT0000740;MEZCLA Y+S # 2;02;PLANTA VILLAVICENCIO          ;0 ;63650 ;0 ;0 ;0 ;63650 ;0 ;0 ;1 ;1 
PT0000740;MEZCLA Y+S # 2;02;PLANTA VILLAVICENCIO          ;0 ;0 ;35000 ;0 ;0 ;0 ;35000 ;0 ;1 ;1 
PT0000740;MEZCLA Y+S # 2;02;PLANTA VILLAVICENCIO          ;0 ;0 ;34000 ;0 ;0 ;0 ;34000 ;0 ;1 ;1 
PT0000740;MEZCLA Y+S # 2;02;PLANTA VILLAVICENCIO          ;0 ;36150 ;0 ;0 ;0 ;36150 ;0 ;0 ;1 ;1 
PT0000740;MEZCLA Y+S # 2;02;PLANTA VILLAVICENCIO          ;0 ;471100 ;327000 ;144100 ;0 ;471100 ;327000 ;144100 ;1 ;0 
PT0000748;MEZCLA SAN MARTIN # 5;02;PLANTA VILLAVICENCIO          ;0 ;0 ;0 ;0 ;0 ;0 ;0 ;0 ;1 ;0 
PT0000759;MEZCLA M2;02;PLANTA VILLAVICENCIO          ;0 ;0 ;0 ;0 ;0 ;0 ;0 ;0 ;0 ;0 
PT0000760;MEZCLA FP2;02;PLANTA VILLAVICENCIO          ;0 ;0 ;0 ;0 ;0 ;0 ;0 ;0 ;1 ;0 
PT0000779;FOSYEMAG + MENORES;02;PLANTA VILLAVICENCIO          ;0 ;0 ;0 ;0 ;0 ;0 ;0 ;0 ;0 ;0 
PT0000780;FERTIENMIENDA SOCAS;02;PLANTA VILLAVICENCIO          ;0 ;0 ;0 ;0 ;0 ;0 ;0 ;0 ;0 ;0 
PT0000781;FERTIENMIENDA 3 CON MENORES Y YESO;02;PLANTA VILLAVICENCIO          ;0 ;0 ;0 ;0 ;0 ;0 ;0 ;0 ;0 ;0 
PT0000782;MEZCLA J.L.R.;02;PLANTA VILLAVICENCIO          ;0 ;0 ;0 ;0 ;0 ;0 ;0 ;0 ;0 ;0 
PT0000784;FERTIENMIENDA LA MARINA;02;PLANTA VILLAVICENCIO          ;0 ;0 ;0 ;0 ;0 ;0 ;0 ;0 ;0 ;0 
PT0000785;MEZCLA ANTONELLA CON MENORES LT 3-4-10;02;PLANTA VILLAVICENCIO          ;0 ;0 ;0 ;0 ;0 ;0 ;0 ;0 ;0 ;0 
PT0000786;MEZCLA ANTONELLA CON MENORES LT 1-2-5-6-;02;PLANTA VILLAVICENCIO          ;0 ;0 ;0 ;0 ;0 ;0 ;0 ;0 ;0 ;0 
PT0000790;PASQUILLA No 1;02;PLANTA VILLAVICENCIO          ;0 ;0 ;0 ;0 ;0 ;0 ;0 ;0 ;0 ;0 
PT0000793;MEZCLA EJS;02;PLANTA VILLAVICENCIO          ;0 ;0 ;0 ;0 ;0 ;0 ;0 ;0 ;0 ;0 
PT0000802;FERTIENMIENDA NARANJA BUENOS AIRES;02;PLANTA VILLAVICENCIO          ;0 ;0 ;0 ;0 ;0 ;0 ;0 ;0 ;0 ;0 
PT0000803;MEZCLA G.A.;02;PLANTA VILLAVICENCIO          ;0 ;0 ;0 ;0 ;0 ;0 ;0 ;0 ;1 ;0 
PT0000808;MEZCLA L.C.;02;PLANTA VILLAVICENCIO          ;1300 ;0 ;0 ;1300 ;403000 ;0 ;0 ;403000 ;310 ;0 
PT0000812;MEZCLA RIO GRANDE;02;PLANTA VILLAVICENCIO          ;0 ;0 ;0 ;0 ;0 ;0 ;0 ;0 ;0 ;0 
PT0000815;MEZCLA L.R.;02;PLANTA VILLAVICENCIO          ;0 ;0 ;0 ;0 ;0 ;0 ;0 ;0 ;0 ;0 
PT0000816;FERTIENMIENDA GOLCONDA LOTE 2-4-5;02;PLANTA VILLAVICENCIO          ;0 ;0 ;0 ;0 ;0 ;0 ;0 ;0 ;0 ;0 
PT0000820;MEZCLA ASOMARDANT;02;PLANTA VILLAVICENCIO          ;0 ;0 ;0 ;0 ;0 ;0 ;0 ;0 ;0 ;0 
PT0000825;MEZCLA CIBELES;02;PLANTA VILLAVICENCIO          ;0 ;0 ;0 ;0 ;0 ;0 ;0 ;0 ;0 ;0 
PT0000826;MEZCLA PALMITO;02;PLANTA VILLAVICENCIO          ;0 ;0 ;0 ;0 ;0 ;0 ;0 ;0 ;0 ;0 
PT0000827;MEZCLA COSTA RICA GRANULADO;02;PLANTA VILLAVICENCIO          ;0 ;0 ;0 ;0 ;0 ;0 ;0 ;0 ;0 ;0 
PT0000828;FERTIENMIENDA RANCHO QUEMADO;02;PLANTA VILLAVICENCIO          ;0 ;0 ;0 ;0 ;0 ;0 ;0 ;0 ;0 ;0 
PT0000831;MEZCLA APAC;02;PLANTA VILLAVICENCIO          ;0 ;0 ;0 ;0 ;0 ;0 ;0 ;0 ;1 ;0 
PT0000832;MEZCLA AGUILA;02;PLANTA VILLAVICENCIO          ;0 ;0 ;0 ;0 ;0 ;0 ;0 ;0 ;1 ;0 
PT0000843;FERTIENMIENDA TROPICAL CON MENORES;02;PLANTA VILLAVICENCIO          ;0 ;0 ;0 ;0 ;0 ;0 ;0 ;0 ;0 ;0 
PT0000844;FERTISILIC M GRANULADO;02;PLANTA VILLAVICENCIO          ;0 ;0 ;0 ;0 ;0 ;0 ;0 ;0 ;0 ;0 
PT0000845;FERTISILIC T GRANULADO;02;PLANTA VILLAVICENCIO          ;0 ;0 ;0 ;0 ;0 ;0 ;0 ;0 ;0 ;0 
PT0000853;FERTIENMIENDA  MAIZ No 2;02;PLANTA VILLAVICENCIO          ;0 ;0 ;0 ;0 ;0 ;0 ;0 ;0 ;0 ;0 
PT0000854;MEZCLA SANTANA;02;PLANTA VILLAVICENCIO          ;0 ;0 ;0 ;0 ;0 ;0 ;0 ;0 ;1 ;0 
PT0000873;MEZCLA LA ORQUIDEA GRANULADA;02;PLANTA VILLAVICENCIO          ;0 ;0 ;0 ;0 ;0 ;0 ;0 ;0 ;0 ;0 
PT0000880;MEZCLA OMG;02;PLANTA VILLAVICENCIO          ;0 ;0 ;0 ;0 ;0 ;0 ;0 ;0 ;1 ;0 
PT0000898;MEZCLA CBNS;02;PLANTA VILLAVICENCIO          ;0 ;0 ;0 ;0 ;0 ;0 ;0 ;0 ;1 ;0 
PT0000900;FOSFOYESO;02;PLANTA VILLAVICENCIO          ;0 ;0 ;0 ;0 ;0 ;0 ;0 ;0 ;0 ;0 
PT0000901;MEZCLA CN;02;PLANTA VILLAVICENCIO          ;0 ;0 ;0 ;0 ;0 ;0 ;0 ;0 ;1 ;0 
PT0000912;MEZCLA CN;02;PLANTA VILLAVICENCIO          ;0 ;0 ;0 ;0 ;0 ;0 ;0 ;0 ;1 ;0 
PT0000923;DOLOMITA 70- 25 + MAGNESIO;02;PLANTA VILLAVICENCIO          ;0 ;0 ;0 ;0 ;0 ;0 ;0 ;0 ;0 ;0 
PT0000925;ENMIENDA 60- 40;02;PLANTA VILLAVICENCIO          ;0 ;0 ;0 ;0 ;0 ;0 ;0 ;0 ;0 ;0 
PT0000927;FERTIENMIENDA LEMAYA;02;PLANTA VILLAVICENCIO          ;0 ;0 ;0 ;0 ;0 ;0 ;0 ;0 ;0 ;0 
PT0000934;MEZCLA ARROZ PEP;02;PLANTA VILLAVICENCIO          ;0 ;0 ;0 ;0 ;0 ;0 ;0 ;0 ;0 ;0 
PT0000937;MEZCLA MCDS;02;PLANTA VILLAVICENCIO          ;0 ;0 ;0 ;0 ;0 ;0 ;0 ;0 ;1 ;0 
PT0000945;MEZCLA G;02;PLANTA VILLAVICENCIO          ;0 ;0 ;0 ;0 ;0 ;0 ;0 ;0 ;310 ;0 
PT0000965;FERTIENMIENDA CAUCHO 2021;02;PLANTA VILLAVICENCIO          ;0 ;0 ;0 ;0 ;0 ;0 ;0 ;0 ;1 ;0 
PT0000969;MEZCLA D-Y;02;PLANTA VILLAVICENCIO          ;0 ;0 ;0 ;0 ;0 ;0 ;0 ;0 ;1 ;0 
PT0000970;MEZCLA PALMACEITERA #1;02;PLANTA VILLAVICENCIO          ;1800 ;0 ;0 ;1800 ;565200 ;0 ;0 ;565200 ;314 ;0 
PT0000998;MEZCLA RIPIOS #1;02;PLANTA VILLAVICENCIO          ;0 ;0 ;0 ;0 ;0 ;0 ;0 ;0 ;1 ;0 
PT0001002;MEZCLA MARTINA;02;PLANTA VILLAVICENCIO          ;0 ;0 ;0 ;0 ;0 ;0 ;0 ;0 ;1 ;0 
PT0001009;MEZCLA CS;02;PLANTA VILLAVICENCIO          ;0 ;0 ;0 ;0 ;0 ;0 ;0 ;0 ;345 ;0 
PT0001023;MEZCLA J.T;02;PLANTA VILLAVICENCIO          ;0 ;0 ;0 ;0 ;0 ;0 ;0 ;0 ;1 ;0 
PT0001026;HIDROXIDO DE CALCIO;02;PLANTA VILLAVICENCIO          ;0 ;0 ;0 ;0 ;0 ;0 ;0 ;0 ;1 ;0 
PT0001036;MEZCLA Y+S+K;02;PLANTA VILLAVICENCIO          ;0 ;0 ;0 ;0 ;0 ;0 ;0 ;0 ;1 ;0 
PT0001038;MEZCLA MAQUEHUA;02;PLANTA VILLAVICENCIO          ;300 ;0 ;0 ;300 ;81318 ;0 ;0 ;81318 ;271 ;0 
PT0001046;MEZCLA M.A.1;02;PLANTA VILLAVICENCIO          ;0 ;0 ;0 ;0 ;0 ;0 ;0 ;0 ;1 ;0 
PT0001052;MEZCLA L.L;02;PLANTA VILLAVICENCIO          ;0 ;0 ;0 ;0 ;0 ;0 ;0 ;0 ;1 ;0 
PT0001053;MEZCLA E.S;02;PLANTA VILLAVICENCIO          ;0 ;0 ;0 ;0 ;0 ;0 ;0 ;0 ;1 ;0 
PT0001054;KIE-SUL-MAG K GRANULADO - SIN POTASIO;02;PLANTA VILLAVICENCIO          ;0 ;0 ;0 ;0 ;0 ;0 ;0 ;0 ;0 ;0 
PT0001055;MEZCLA ALTILLANURA #4;02;PLANTA VILLAVICENCIO          ;0 ;0 ;0 ;0 ;0 ;0 ;0 ;0 ;1 ;0 
PT0001080;MEZCLA LG;02;PLANTA VILLAVICENCIO          ;0 ;0 ;0 ;0 ;0 ;0 ;0 ;0 ;1 ;0 
PT0001092;MANNI-PLEX CAL B X 1L;02;PLANTA VILLAVICENCIO          ;0 ;0 ;0 ;0 ;0 ;0 ;0 ;0 ;17698 ;0 
PT0001096;MANNI-PLEX SMART TRIO X 1L;02;PLANTA VILLAVICENCIO          ;0 ;0 ;0 ;0 ;0 ;0 ;0 ;0 ;17698 ;0 
PT0001097;MANNI-PLEX B MOLY X 1L;02;PLANTA VILLAVICENCIO          ;0 ;0 ;0 ;0 ;0 ;0 ;0 ;0 ;17325 ;0 
PT0001098;MANNI-PLEX SMART CU X 1L;02;PLANTA VILLAVICENCIO          ;0 ;0 ;0 ;0 ;0 ;0 ;0 ;0 ;24424 ;0 
PT0001099;DOLOMITA BIG BAG;02;PLANTA VILLAVICENCIO          ;40000 ;0 ;0 ;40000 ;8826400 ;0 ;0 ;8826400 ;221 ;0 
PT0001104;MEZCLA EL OTONO;02;PLANTA VILLAVICENCIO          ;0 ;0 ;0 ;0 ;0 ;0 ;0 ;0 ;0 ;0 
PT0001112;ROCA FOSFORICA PEP;02;PLANTA VILLAVICENCIO          ;30885 ;0 ;0 ;30885 ;11923772 ;0 ;0 ;11923772 ;386 ;0 
PT0001113;MANNI-PLEX SMART ZN X 1 L;02;PLANTA VILLAVICENCIO          ;0 ;0 ;0 ;0 ;0 ;0 ;0 ;0 ;0 ;0 
PT0001114;MEZCLA BUENA VISTA Y VENECIA;02;PLANTA VILLAVICENCIO          ;0 ;0 ;0 ;0 ;0 ;0 ;0 ;0 ;0 ;0 
PT0001115;FERTIENMIENDA CITRICOS CALDAS;02;PLANTA VILLAVICENCIO          ;0 ;0 ;0 ;0 ;0 ;0 ;0 ;0 ;0 ;0 
PT0001116;FERTIENMIENDA EL DANUBIO ALTA EFICIENCIA;02;PLANTA VILLAVICENCIO          ;0 ;0 ;0 ;0 ;0 ;0 ;0 ;0 ;0 ;0 
PT0001117;MANNI-PLEX MN  X 1 L;02;PLANTA VILLAVICENCIO          ;0 ;0 ;0 ;0 ;0 ;0 ;0 ;0 ;17698 ;0 
PT0001118;MEZCLA E.B LOTES 1;02;PLANTA VILLAVICENCIO          ;0 ;0 ;0 ;0 ;0 ;0 ;0 ;0 ;5 ;0 
PT0001119;MEZCLA E.B LOTES 3 Y 4;02;PLANTA VILLAVICENCIO          ;0 ;0 ;0 ;0 ;0 ;0 ;0 ;0 ;0 ;0 
PT0001120;FERTIENMIENDA LA CAMELIA;02;PLANTA VILLAVICENCIO          ;0 ;0 ;0 ;0 ;0 ;0 ;0 ;0 ;0 ;0 
PT0001121;MEZCLA YESO-SILIMAG;02;PLANTA VILLAVICENCIO          ;0 ;0 ;0 ;0 ;0 ;0 ;0 ;0 ;0 ;0 
PT0001122;M.A 22.020;02;PLANTA VILLAVICENCIO          ;0 ;0 ;0 ;0 ;0 ;0 ;0 ;0 ;0 ;0 
PT0001125;MEZCLA PALOMAS;02;PLANTA VILLAVICENCIO          ;0 ;0 ;0 ;0 ;0 ;0 ;0 ;0 ;1 ;0 
PT0001126;FERTIENMIENDA SARA PALMA;02;PLANTA VILLAVICENCIO          ;0 ;0 ;0 ;0 ;0 ;0 ;0 ;0 ;0 ;0 
PT0001127;MEZCLA AGUACATE CON T-FOS;02;PLANTA VILLAVICENCIO          ;0 ;0 ;0 ;0 ;0 ;0 ;0 ;0 ;0 ;0 
PT0001128;GRANUYESO PEP;02;PLANTA VILLAVICENCIO          ;0 ;0 ;0 ;0 ;0 ;0 ;0 ;0 ;0 ;0 
PT0001129;GRANUYESO GRANULADO;02;PLANTA VILLAVICENCIO          ;0 ;0 ;0 ;0 ;0 ;0 ;0 ;0 ;0 ;0 
PT0001130;FERTIENMIENDA LA CASCADA LIMON;02;PLANTA VILLAVICENCIO          ;0 ;0 ;0 ;0 ;0 ;0 ;0 ;0 ;0 ;0 
PT0001132;MA 22-018;02;PLANTA VILLAVICENCIO          ;0 ;0 ;0 ;0 ;0 ;0 ;0 ;0 ;0 ;0 
PT0001133;MEZCLA LAS MONAS;02;PLANTA VILLAVICENCIO          ;0 ;0 ;0 ;0 ;0 ;0 ;0 ;0 ;0 ;0 
PT0001134;MEZCLA HIDROXIDO #1;02;PLANTA VILLAVICENCIO          ;0 ;0 ;0 ;0 ;0 ;0 ;0 ;0 ;0 ;0 
PT0001135;MEZCLA HIDROXIDO #2;02;PLANTA VILLAVICENCIO          ;0 ;0 ;0 ;0 ;0 ;0 ;0 ;0 ;0 ;0 
PT0001136;MEZCLA HIDROXIDO #3;02;PLANTA VILLAVICENCIO          ;0 ;0 ;0 ;0 ;0 ;0 ;0 ;0 ;0 ;0 
PT0001137;MEZCLA BANANO;02;PLANTA VILLAVICENCIO          ;0 ;0 ;0 ;0 ;0 ;0 ;0 ;0 ;0 ;0 
PT0001138;ENMIENDA VIGALI Nª1;02;PLANTA VILLAVICENCIO          ;0 ;0 ;0 ;0 ;0 ;0 ;0 ;0 ;0 ;0 
PT0001139;M.A. 22.017;02;PLANTA VILLAVICENCIO          ;0 ;0 ;0 ;0 ;0 ;0 ;0 ;0 ;0 ;0 
PT0001140;MEZCLA M.A.B;02;PLANTA VILLAVICENCIO          ;0 ;0 ;0 ;0 ;0 ;0 ;0 ;0 ;0 ;0 
PT0001144;FERTICONTROL PRO-UV  X 10 LTS;02;PLANTA VILLAVICENCIO          ;0 ;0 ;0 ;0 ;0 ;0 ;0 ;0 ;0 ;0 
PT0001145;MA 22 029;02;PLANTA VILLAVICENCIO          ;0 ;0 ;0 ;0 ;0 ;0 ;0 ;0 ;0 ;0 
PT0001146;MEZCLA FARMS;02;PLANTA VILLAVICENCIO          ;0 ;0 ;0 ;0 ;0 ;0 ;0 ;0 ;0 ;0 
PT0001147;MA 22 030;02;PLANTA VILLAVICENCIO          ;0 ;0 ;0 ;0 ;0 ;0 ;0 ;0 ;0 ;0 
PT0001148;FERTIENMIENDA LUCITANIA;02;PLANTA VILLAVICENCIO          ;0 ;0 ;0 ;0 ;0 ;0 ;0 ;0 ;0 ;0 
PT0001149;MEZCLA LABBER No. 1;02;PLANTA VILLAVICENCIO          ;0 ;0 ;0 ;0 ;0 ;0 ;0 ;0 ;0 ;0 
PT0001150;MA 22.032;02;PLANTA VILLAVICENCIO          ;0 ;0 ;0 ;0 ;0 ;0 ;0 ;0 ;0 ;0 
PT0001151;MA 22.031;02;PLANTA VILLAVICENCIO          ;0 ;0 ;0 ;0 ;0 ;0 ;0 ;0 ;0 ;0 
PT0001152;MA 22.033;02;PLANTA VILLAVICENCIO          ;0 ;0 ;0 ;0 ;0 ;0 ;0 ;0 ;0 ;0 
PT0001153;FERTIENMIENA ORO NEGRO;02;PLANTA VILLAVICENCIO          ;0 ;0 ;0 ;0 ;0 ;0 ;0 ;0 ;0 ;0 
PT0001154;MEZCLA JUAN JOSE;02;PLANTA VILLAVICENCIO          ;0 ;0 ;0 ;0 ;0 ;0 ;0 ;0 ;0 ;0 
PT0001155;MA 22. 028;02;PLANTA VILLAVICENCIO          ;0 ;0 ;0 ;0 ;0 ;0 ;0 ;0 ;0 ;0 
PT0001156;MA 22. 027;02;PLANTA VILLAVICENCIO          ;0 ;0 ;0 ;0 ;0 ;0 ;0 ;0 ;0 ;0 
PT0001157;MEZCLA D.F #1;02;PLANTA VILLAVICENCIO          ;0 ;0 ;0 ;0 ;0 ;0 ;0 ;0 ;0 ;0 
PT0001158;MEZCLA KIOKOS;02;PLANTA VILLAVICENCIO          ;0 ;0 ;0 ;0 ;0 ;0 ;0 ;0 ;1 ;0 
PT0001159;FERTIENMIENDA CITRICOS;02;PLANTA VILLAVICENCIO          ;0 ;0 ;0 ;0 ;0 ;0 ;0 ;0 ;0 ;0 
PT0001160;MEZCLA CAL SUR;02;PLANTA VILLAVICENCIO          ;0 ;0 ;0 ;0 ;0 ;0 ;0 ;0 ;0 ;0 
PT0001161;FERTIENMIENDA APS #2;02;PLANTA VILLAVICENCIO          ;0 ;0 ;0 ;0 ;0 ;0 ;0 ;0 ;0 ;0 
PT0001162;MUESTRA TRIPLE 30 GRANULADO;02;PLANTA VILLAVICENCIO          ;0 ;0 ;0 ;0 ;0 ;0 ;0 ;0 ;0 ;0 
PT0001163;MEZCLA D.F #2;02;PLANTA VILLAVICENCIO          ;0 ;0 ;0 ;0 ;0 ;0 ;0 ;0 ;0 ;0 
PT0001164;MEZCLA SAN ROQUE;02;PLANTA VILLAVICENCIO          ;0 ;0 ;0 ;0 ;0 ;0 ;0 ;0 ;0 ;0 
PT0001165;FERTIENMIENDA CASA MALLA 2 CON MENORES;02;PLANTA VILLAVICENCIO          ;0 ;0 ;0 ;0 ;0 ;0 ;0 ;0 ;0 ;0 
PT0001166;YESO AGRÍCOLA MOLIDO PEP;02;PLANTA VILLAVICENCIO          ;0 ;0 ;0 ;0 ;0 ;0 ;0 ;0 ;0 ;0 
PT0001167;MA 22.26;02;PLANTA VILLAVICENCIO          ;0 ;0 ;0 ;0 ;0 ;0 ;0 ;0 ;0 ;0 
PT0001168;FERTIENMIENDA SAN LUCAS;02;PLANTA VILLAVICENCIO          ;0 ;0 ;0 ;0 ;0 ;0 ;0 ;0 ;0 ;0 
PT0001169;MA 22. 035;02;PLANTA VILLAVICENCIO          ;0 ;0 ;0 ;0 ;0 ;0 ;0 ;0 ;0 ;0 
PT0001170;MEZCLA ESPECIAL RAMIRO ARIAS;02;PLANTA VILLAVICENCIO          ;0 ;0 ;0 ;0 ;0 ;0 ;0 ;0 ;0 ;0 
PT0001171;MEZCLA 22.018 FOLLAJES;02;PLANTA VILLAVICENCIO          ;0 ;0 ;0 ;0 ;0 ;0 ;0 ;0 ;0 ;0 
PT0001172;FERTIMIENDA GJ;02;PLANTA VILLAVICENCIO          ;0 ;0 ;0 ;0 ;0 ;0 ;0 ;0 ;0 ;0 
PT0001173;MEZCLA LBT;02;PLANTA VILLAVICENCIO          ;0 ;0 ;0 ;0 ;0 ;0 ;0 ;0 ;1 ;0 
PT0001174;MEZCLA OTONO;02;PLANTA VILLAVICENCIO          ;0 ;0 ;0 ;0 ;0 ;0 ;0 ;0 ;0 ;0 
PT0001175;FERTIMIENDA CITRICOS PROLEAGRO;02;PLANTA VILLAVICENCIO          ;0 ;0 ;0 ;0 ;0 ;0 ;0 ;0 ;0 ;0 
PT0001176;FERTIMIENDA CAFÈ PROLEAGRO;02;PLANTA VILLAVICENCIO          ;0 ;0 ;0 ;0 ;0 ;0 ;0 ;0 ;0 ;0 
PT0001177;FERTIMIENDA AGUACATE PROLEAGRO;02;PLANTA VILLAVICENCIO          ;0 ;0 ;0 ;0 ;0 ;0 ;0 ;0 ;0 ;0 
PT0001178;ENMIENDA PARA SUELOS ACIDOS INCAUCA;02;PLANTA VILLAVICENCIO          ;0 ;0 ;0 ;0 ;0 ;0 ;0 ;0 ;0 ;0 
PT0001179;MEZCLA LA TITINA;02;PLANTA VILLAVICENCIO          ;0 ;0 ;0 ;0 ;0 ;0 ;0 ;0 ;0 ;0 
PT0001180;FERTIENMIENDA LA MIRANDA;02;PLANTA VILLAVICENCIO          ;0 ;0 ;0 ;0 ;0 ;0 ;0 ;0 ;0 ;0 
PT0001181;FERTIENMIENDA YERBABUENA;02;PLANTA VILLAVICENCIO          ;0 ;0 ;0 ;0 ;0 ;0 ;0 ;0 ;0 ;0 
PT0001182;MEZCLA PASA TIEMPO;02;PLANTA VILLAVICENCIO          ;0 ;0 ;0 ;0 ;0 ;0 ;0 ;0 ;0 ;0 
PT0001183;MEZCLA PERTENTOSA;02;PLANTA VILLAVICENCIO          ;0 ;0 ;0 ;0 ;0 ;0 ;0 ;0 ;0 ;0 
PT0001184;FERTIMIENDA VERDE RIO CLARO;02;PLANTA VILLAVICENCIO          ;0 ;0 ;0 ;0 ;0 ;0 ;0 ;0 ;0 ;0 
PT0001185;MA 22. 034;02;PLANTA VILLAVICENCIO          ;0 ;0 ;0 ;0 ;0 ;0 ;0 ;0 ;0 ;0 
PT0001186;MA 22. 038;02;PLANTA VILLAVICENCIO          ;0 ;0 ;0 ;0 ;0 ;0 ;0 ;0 ;0 ;0 
PT0001187;MEZCLA DIVISA;02;PLANTA VILLAVICENCIO          ;0 ;0 ;0 ;0 ;0 ;0 ;0 ;0 ;0 ;0 
PT0001188;TRIPLE 30 PEP;02;PLANTA VILLAVICENCIO          ;0 ;0 ;0 ;0 ;0 ;0 ;0 ;0 ;0 ;0 
PT0001189;MEZCLA MIRANDA;02;PLANTA VILLAVICENCIO          ;0 ;0 ;0 ;0 ;0 ;0 ;0 ;0 ;0 ;0 
PT0001190;MEZCLA PRADERA PALMA CECILIA;02;PLANTA VILLAVICENCIO          ;0 ;0 ;0 ;0 ;0 ;0 ;0 ;0 ;0 ;0 
PT0001191;MEZCLA ESTRELLAS;02;PLANTA VILLAVICENCIO          ;0 ;0 ;0 ;0 ;0 ;0 ;0 ;0 ;0 ;0 
PT0001192;FERTIENMIENDA ALTA EN FOSFORO;02;PLANTA VILLAVICENCIO          ;0 ;0 ;0 ;0 ;0 ;0 ;0 ;0 ;0 ;0 
PT0001193;MEZCLA R.E.Z 1 Y 2;02;PLANTA VILLAVICENCIO          ;0 ;0 ;0 ;0 ;0 ;0 ;0 ;0 ;0 ;0 
PT0001194;MEZCLA R.E.Z 3 Y 4;02;PLANTA VILLAVICENCIO          ;0 ;0 ;0 ;0 ;0 ;0 ;0 ;0 ;0 ;0 
PT0001195;MEZCLA R.E.Z 5 Y 6;02;PLANTA VILLAVICENCIO          ;0 ;0 ;0 ;0 ;0 ;0 ;0 ;0 ;0 ;0 
PT0001196;MEZCLA R.E.Z 7 Y 8;02;PLANTA VILLAVICENCIO          ;0 ;0 ;0 ;0 ;0 ;0 ;0 ;0 ;0 ;0 
PT0001197;FERTIENMIENDA LA PERSEVERANCIA;02;PLANTA VILLAVICENCIO          ;0 ;0 ;0 ;0 ;0 ;0 ;0 ;0 ;0 ;0 
PT0001198;MEZCLA R.E.Z 9 Y 10;02;PLANTA VILLAVICENCIO          ;0 ;0 ;0 ;0 ;0 ;0 ;0 ;0 ;0 ;0 
PT0001199;MEZCLA R.E.Z 11;02;PLANTA VILLAVICENCIO          ;0 ;0 ;0 ;0 ;0 ;0 ;0 ;0 ;0 ;0 
PT0001200;MEZCLA GENESIS-2;02;PLANTA VILLAVICENCIO          ;0 ;0 ;0 ;0 ;0 ;0 ;0 ;0 ;0 ;0 
PT0001201;FERTIENMIENDA LA ESMERALDA;02;PLANTA VILLAVICENCIO          ;0 ;0 ;0 ;0 ;0 ;0 ;0 ;0 ;0 ;0 
PT0001202;MA 22. 045;02;PLANTA VILLAVICENCIO          ;0 ;0 ;0 ;0 ;0 ;0 ;0 ;0 ;0 ;0 
PT0001203;MA 22. 046;02;PLANTA VILLAVICENCIO          ;0 ;0 ;0 ;0 ;0 ;0 ;0 ;0 ;0 ;0 
PT0001204;MEZCLA REFORESTA POLVO;02;PLANTA VILLAVICENCIO          ;0 ;0 ;0 ;0 ;0 ;0 ;0 ;0 ;0 ;0 
PT0001205;SILICATO DOBLE TERMICO PEP;02;PLANTA VILLAVICENCIO          ;0 ;0 ;0 ;0 ;0 ;0 ;0 ;0 ;0 ;0 
PT0001206;SILICATO DOBLE TERMICO GRANULADO;02;PLANTA VILLAVICENCIO          ;0 ;0 ;0 ;0 ;0 ;0 ;0 ;0 ;0 ;0 
PT0001207;FERTIENMIENDA GENERAL;02;PLANTA VILLAVICENCIO          ;0 ;0 ;0 ;0 ;0 ;0 ;0 ;0 ;0 ;0 
PT0001208;FERTIENMIENDA BUENA VISTA;02;PLANTA VILLAVICENCIO          ;0 ;0 ;0 ;0 ;0 ;0 ;0 ;0 ;0 ;0 
PT0001209;FERTIENMIENDA EL JAZMIN;02;PLANTA VILLAVICENCIO          ;0 ;0 ;0 ;0 ;0 ;0 ;0 ;0 ;0 ;0 
PT0001210;MEZCLA AGUACATALES;02;PLANTA VILLAVICENCIO          ;0 ;0 ;0 ;0 ;0 ;0 ;0 ;0 ;0 ;0 
PT0001211;FERTINUCLEO MIRANDA #1;02;PLANTA VILLAVICENCIO          ;0 ;0 ;0 ;0 ;0 ;0 ;0 ;0 ;0 ;0 
PT0001212;FERTINUCLEO MIRANDA #2;02;PLANTA VILLAVICENCIO          ;0 ;0 ;0 ;0 ;0 ;0 ;0 ;0 ;0 ;0 
PT0001213;DOLOMITA 57-33 MALLA 120;02;PLANTA VILLAVICENCIO          ;0 ;0 ;0 ;0 ;0 ;0 ;0 ;0 ;0 ;0 
PT0001214;MEZCLA LA SIERRA SIN MENORES;02;PLANTA VILLAVICENCIO          ;0 ;0 ;0 ;0 ;0 ;0 ;0 ;0 ;0 ;0 
PT0001215;FERTIENMIENDA SIEMBRA BUENOS AIRES;02;PLANTA VILLAVICENCIO          ;0 ;0 ;0 ;0 ;0 ;0 ;0 ;0 ;0 ;0 
PT0001216;MEZCLA MONTESOL;02;PLANTA VILLAVICENCIO          ;0 ;0 ;0 ;0 ;0 ;0 ;0 ;0 ;0 ;0 
PT0001217;MEZCLA ENMIENDA ·1;02;PLANTA VILLAVICENCIO          ;0 ;0 ;0 ;0 ;0 ;0 ;0 ;0 ;0 ;0 
PT0001218;FERTIENMIENDA LA VALENCIANA + ZN;02;PLANTA VILLAVICENCIO          ;0 ;0 ;0 ;0 ;0 ;0 ;0 ;0 ;0 ;0 
PT0001219;MEZCLA 70-30 PALMA MENORES PEP;02;PLANTA VILLAVICENCIO          ;0 ;0 ;0 ;0 ;0 ;0 ;0 ;0 ;0 ;0 
PT0001220;MEZCLA 70-30 PALMA MENORES GRANULADO;02;PLANTA VILLAVICENCIO          ;0 ;0 ;0 ;0 ;0 ;0 ;0 ;0 ;0 ;0 
PT0001221;MA 22 039;02;PLANTA VILLAVICENCIO          ;0 ;0 ;0 ;0 ;0 ;0 ;0 ;0 ;0 ;0 
PT0001223;MEZCLA JJC POLVO;02;PLANTA VILLAVICENCIO          ;0 ;0 ;0 ;0 ;0 ;0 ;0 ;0 ;0 ;0 
PT0001224;FERTIENMIENDA PALESTINA AGUACATE;02;PLANTA VILLAVICENCIO          ;0 ;0 ;0 ;0 ;0 ;0 ;0 ;0 ;0 ;0 
PT0001225;FERTIENMIENDA GUANABANA BOHEMIA;02;PLANTA VILLAVICENCIO          ;0 ;0 ;0 ;0 ;0 ;0 ;0 ;0 ;0 ;0 
PT0001226;MEZCLA HACIENDA #2;02;PLANTA VILLAVICENCIO          ;0 ;0 ;0 ;0 ;0 ;0 ;0 ;0 ;0 ;0 
PT0001227;MEZCLA COPEY;02;PLANTA VILLAVICENCIO          ;0 ;0 ;0 ;0 ;0 ;0 ;0 ;0 ;367 ;0 
PT0001228;MEZCLA MÑN #2;02;PLANTA VILLAVICENCIO          ;0 ;0 ;0 ;0 ;0 ;0 ;0 ;0 ;1 ;0 
PT0001229;FERTIENMIENDA LA CHIQUITA;02;PLANTA VILLAVICENCIO          ;0 ;0 ;0 ;0 ;0 ;0 ;0 ;0 ;0 ;0 
PT0001230;FERTIENMIENDA BANACOL;02;PLANTA VILLAVICENCIO          ;0 ;0 ;0 ;0 ;0 ;0 ;0 ;0 ;0 ;0 
PT0001231;MEZCLA PALMASOL;02;PLANTA VILLAVICENCIO          ;0 ;0 ;0 ;0 ;0 ;0 ;0 ;0 ;513 ;0 
PT0001232;FERTIENMIENDA BUENA VISTA CS;02;PLANTA VILLAVICENCIO          ;0 ;0 ;0 ;0 ;0 ;0 ;0 ;0 ;0 ;0 
PT0001233;FERTIENMIENDA LA PALMA;02;PLANTA VILLAVICENCIO          ;0 ;0 ;0 ;0 ;0 ;0 ;0 ;0 ;0 ;0 
PT0001234;MEZCLA LA OFICINA;02;PLANTA VILLAVICENCIO          ;0 ;0 ;0 ;0 ;0 ;0 ;0 ;0 ;0 ;0 
PT0001235;MEZCLA LA BODEGA;02;PLANTA VILLAVICENCIO          ;0 ;0 ;0 ;0 ;0 ;0 ;0 ;0 ;0 ;0 
PT0001236;FERTIENMIENDA LIMONES EL PEDRAL;02;PLANTA VILLAVICENCIO          ;0 ;0 ;0 ;0 ;0 ;0 ;0 ;0 ;0 ;0 
PT0001237;MEZCLA YUCA Nº1;02;PLANTA VILLAVICENCIO          ;0 ;0 ;0 ;0 ;0 ;0 ;0 ;0 ;0 ;0 
PT0001238;MEZCLA YUCA Nº2;02;PLANTA VILLAVICENCIO          ;0 ;0 ;0 ;0 ;0 ;0 ;0 ;0 ;1 ;0 
PT0001239;MEZCLA MA 22.051;02;PLANTA VILLAVICENCIO          ;0 ;0 ;0 ;0 ;0 ;0 ;0 ;0 ;0 ;0 
PT0001240;FERTIENMIENDA MORAVO # 1;02;PLANTA VILLAVICENCIO          ;0 ;0 ;0 ;0 ;0 ;0 ;0 ;0 ;0 ;0 
PT0001241;FERTIENMIENDA MORAVO #2;02;PLANTA VILLAVICENCIO          ;0 ;0 ;0 ;0 ;0 ;0 ;0 ;0 ;0 ;0 
PT0001242;FERTIENMIENDA LA ESTAMPILLA;02;PLANTA VILLAVICENCIO          ;0 ;0 ;0 ;0 ;0 ;0 ;0 ;0 ;0 ;0 
PT0001243;FOSFORITA 24 BIG BAG;02;PLANTA VILLAVICENCIO          ;0 ;0 ;0 ;0 ;0 ;0 ;0 ;0 ;1 ;0 
PT0001245;FERTIENMIENDA EL DANUBIO;02;PLANTA VILLAVICENCIO          ;0 ;0 ;0 ;0 ;0 ;0 ;0 ;0 ;0 ;0 
PT0001246;MEZCLA MA 22 044;02;PLANTA VILLAVICENCIO          ;0 ;0 ;0 ;0 ;0 ;0 ;0 ;0 ;0 ;0 
PT0001247;ENMIENDA CODIGO 60-40;02;PLANTA VILLAVICENCIO          ;0 ;0 ;0 ;0 ;0 ;0 ;0 ;0 ;0 ;0 
PT0001248;MEZCLA L2;02;PLANTA VILLAVICENCIO          ;0 ;0 ;0 ;0 ;0 ;0 ;0 ;0 ;0 ;0 
PT0001249;FERTIENMIENDA RANCHO ECLIPSE;02;PLANTA VILLAVICENCIO          ;0 ;0 ;0 ;0 ;0 ;0 ;0 ;0 ;0 ;0 
PT000125;MEZCLA MAGNESIANA MENORES;02;PLANTA VILLAVICENCIO          ;0 ;0 ;0 ;0 ;0 ;0 ;0 ;0 ;0 ;0 
PT0001250;MEZCLA DEL RIO;02;PLANTA VILLAVICENCIO          ;0 ;0 ;0 ;0 ;0 ;0 ;0 ;0 ;1 ;0 
PT0001251;MEZCLA CNC + BS;02;PLANTA VILLAVICENCIO          ;0 ;0 ;0 ;0 ;0 ;0 ;0 ;0 ;0 ;0 
PT0001252;MEZCLA EL PITAL POLVO;02;PLANTA VILLAVICENCIO          ;0 ;0 ;0 ;0 ;0 ;0 ;0 ;0 ;0 ;0 
PT0001253;MEZCLA MAGNESIANA MENORES;02;PLANTA VILLAVICENCIO          ;0 ;0 ;0 ;0 ;0 ;0 ;0 ;0 ;0 ;0 
PT0001254;MEZCLA TERMOFOSFATO CU;02;PLANTA VILLAVICENCIO          ;0 ;0 ;0 ;0 ;0 ;0 ;0 ;0 ;0 ;0 
PT0001255;MEZCLA PPY;02;PLANTA VILLAVICENCIO          ;0 ;0 ;0 ;0 ;0 ;0 ;0 ;0 ;1 ;0 
PT0001256;MEZCLA HG1;02;PLANTA VILLAVICENCIO          ;0 ;0 ;10000 ;0 ;0 ;0 ;10000 ;0 ;1 ;420 
PT0001256;MEZCLA HG1;02;PLANTA VILLAVICENCIO          ;0 ;600 ;0 ;0 ;0 ;600 ;0 ;0 ;1 ;1 
PT0001256;MEZCLA HG1;02;PLANTA VILLAVICENCIO          ;104400 ;600 ;10000 ;95000 ;104400 ;600 ;10000 ;95000 ;1 ;0 
PT0001257;MEZCLA COLINA PALMA;02;PLANTA VILLAVICENCIO          ;0 ;0 ;0 ;0 ;0 ;0 ;0 ;0 ;0 ;0 
PT0001258;MEZCLA ESPECIAL CON T-FOS;02;PLANTA VILLAVICENCIO          ;0 ;0 ;0 ;0 ;0 ;0 ;0 ;0 ;0 ;0 
PT0001260;FERTIENMIENDA ARISTIZABAL;02;PLANTA VILLAVICENCIO          ;0 ;0 ;0 ;0 ;0 ;0 ;0 ;0 ;0 ;0 
PT0001261;MEZCLA MA 22 056;02;PLANTA VILLAVICENCIO          ;0 ;0 ;0 ;0 ;0 ;0 ;0 ;0 ;0 ;0 
PT0001262;FERTIENMIENDA MAGNESIO;02;PLANTA VILLAVICENCIO          ;0 ;0 ;0 ;0 ;0 ;0 ;0 ;0 ;0 ;0 
PT0001263;FERTIENMIENDA LA HELENA;02;PLANTA VILLAVICENCIO          ;0 ;0 ;0 ;0 ;0 ;0 ;0 ;0 ;0 ;0 
PT0001264;MEZCLA Y + S PEP;02;PLANTA VILLAVICENCIO          ;0 ;0 ;0 ;0 ;0 ;0 ;0 ;0 ;0 ;0 
PT0001265;MEZCLA Y + S GRANULADO;02;PLANTA VILLAVICENCIO          ;0 ;0 ;0 ;0 ;0 ;0 ;0 ;0 ;0 ;0 
PT0001266;MEZCLA MORAVITO;02;PLANTA VILLAVICENCIO          ;0 ;0 ;0 ;0 ;0 ;0 ;0 ;0 ;0 ;0 
PT00678;MEZCLA 40-30-30 PEP;02;PLANTA VILLAVICENCIO          ;0 ;0 ;0 ;0 ;0 ;0 ;0 ;0 ;0 ;0 
PT00679;MEZCLA 40-30-30;02;PLANTA VILLAVICENCIO          ;0 ;0 ;0 ;0 ;0 ;0 ;0 ;0 ;0 ;0 
